input,generated_prompt,session_url,share_url,isCompleted,completionStatus,completionError,title,categories,keywords,description,role,industry,jtbd,date,sub_industry
Automotive Affordability Reset: What Buyers Will Value from 2026 to 2030,"Write an industry-level trend outlook report in English based on 'Automotive Affordability Reset: What Buyers Will Value from 2026 to 2030'. Avoid in-depth explanations of specific technical mechanisms. Category: trend_brief. Audience role: innovation_product_strategy. Industry: automotive. Jobs to be done: track_technologies_and_competitors,identify_innovation_opportunities,evaluate_r_and_d_directions. Keywords: vehicle affordability, consumer value, total cost of ownership, pricing pressure, auto demand. Overview: Forecast how affordability pressure, financing costs, insurance, charging access, and reliability expectations will reshape vehicle demand and brand positioning. The report must cover current industry conditions, demand and customer shifts, competitive landscape, supply chain, cost and regulatory factors, 3-5 year scenarios, opportunities and risks, and actionable recommendations for companies.",https://eureka.patsnap.com/ai-search/sess_fee238a11aa54243?from=rd-home&start_from=eureka_landingpage,https://eureka.patsnap.com/share/?id=312da69f04acdb43ff453df79edfb48c&from=invite-eureakplg-result&content=,false,http_error,Eureka completion returned HTTP 405,Automotive Affordability Reset: What Buyers Will Value from 2026 to 2030,"[""trend_brief""]","[""vehicle affordability"", ""consumer value"", ""total cost of ownership"", ""pricing pressure"", ""auto demand""]","Forecast how affordability pressure, financing costs, insurance, charging access, and reliability expectations will reshape vehicle demand and brand positioning.",innovation_product_strategy,automotive,"[""technology_competitors"", ""innovation_opportunities"", ""rd_directions""]",2026-09-09,[]
"Regional Auto Markets Diverge: China, Europe, North America, and Emerging Economies","Write an industry-level trend outlook report in English based on 'Regional Auto Markets Diverge: China, Europe, North America, and Emerging Economies'. Avoid in-depth explanations of specific technical mechanisms. Category: market_landscape. Audience role: innovation_product_strategy. Industry: automotive. Jobs to be done: track_technologies_and_competitors,identify_innovation_opportunities,evaluate_r_and_d_directions. Keywords: regional auto markets, export competition, localization, tariffs, market divergence. Overview: Analyze how regional policy, consumer preferences, local manufacturing, and export competition are creating different strategic playbooks for automakers. The report must cover current industry conditions, demand and customer shifts, competitive landscape, supply chain, cost and regulatory factors, 3-5 year scenarios, opportunities and risks, and actionable recommendations for companies.",https://eureka.patsnap.com/ai-search/sess_3b8acf2056e740d9?from=rd-home&start_from=eureka_landingpage,https://eureka.patsnap.com/share/?id=70d192cfed4b257b5ede47bfaf048768&from=invite-eureakplg-result&content=,false,http_error,Eureka completion returned HTTP 405,"Regional Auto Markets Diverge: China, Europe, North America, and Emerging Economies","[""market_landscape""]","[""regional auto markets"", ""export competition"", ""localization"", ""tariffs"", ""market divergence""]","Analyze how regional policy, consumer preferences, local manufacturing, and export competition are creating different strategic playbooks for automakers.",innovation_product_strategy,automotive,"[""technology_competitors"", ""innovation_opportunities"", ""rd_directions""]",2026-09-09,[]
"Hybrid, EV, and ICE Portfolio Flexibility as a Strategic Advantage","Write an industry-level trend outlook report in English based on 'Hybrid, EV, and ICE Portfolio Flexibility as a Strategic Advantage'. Avoid in-depth explanations of specific technical mechanisms. Category: opportunity_brief. Audience role: innovation_product_strategy. Industry: automotive. Jobs to be done: track_technologies_and_competitors,identify_innovation_opportunities,evaluate_r_and_d_directions. Keywords: powertrain portfolio, hybrid vehicles, EV adoption, portfolio flexibility, capital allocation. Overview: Assess why flexible powertrain portfolios may outperform one-way bets as regulations, charging infrastructure, and buyer economics evolve unevenly. The report must cover current industry conditions, demand and customer shifts, competitive landscape, supply chain, cost and regulatory factors, 3-5 year scenarios, opportunities and risks, and actionable recommendations for companies.",https://eureka.patsnap.com/ai-search/sess_2e847a74e4f34ae9?from=rd-home&start_from=eureka_landingpage,https://eureka.patsnap.com/share/?id=2f63f5ca352e1d2b5fc64aec73d6bf6c&from=invite-eureakplg-result&content=,false,http_error,Eureka completion returned HTTP 405,"Hybrid, EV, and ICE Portfolio Flexibility as a Strategic Advantage","[""opportunity_brief""]","[""powertrain portfolio"", ""hybrid vehicles"", ""EV adoption"", ""portfolio flexibility"", ""capital allocation""]","Assess why flexible powertrain portfolios may outperform one-way bets as regulations, charging infrastructure, and buyer economics evolve unevenly.",innovation_product_strategy,automotive,"[""technology_competitors"", ""innovation_opportunities"", ""rd_directions""]",2026-09-09,[]
"Software-Defined Vehicles: Monetization, Trust, and Customer Backlash Risks","Write an industry-level trend outlook report in English based on 'Software-Defined Vehicles: Monetization, Trust, and Customer Backlash Risks'. Avoid in-depth explanations of specific technical mechanisms. Category: risk_watch. Audience role: innovation_product_strategy. Industry: automotive. Jobs to be done: track_technologies_and_competitors,identify_innovation_opportunities,evaluate_r_and_d_directions. Keywords: software-defined vehicle, subscriptions, customer trust, OTA updates, business model risk. Overview: Evaluate the business risks and opportunities of software-defined vehicles, including subscription fatigue, update reliability, cybersecurity, and lifecycle value. The report must cover current industry conditions, demand and customer shifts, competitive landscape, supply chain, cost and regulatory factors, 3-5 year scenarios, opportunities and risks, and actionable recommendations for companies.",https://eureka.patsnap.com/ai-search/sess_150947f486b445c8?from=rd-home&start_from=eureka_landingpage,https://eureka.patsnap.com/share/?id=85300b21d92c178caee5704a633b1e57&from=invite-eureakplg-result&content=,false,http_error,Eureka completion returned HTTP 405,"Software-Defined Vehicles: Monetization, Trust, and Customer Backlash Risks","[""risk_watch""]","[""software-defined vehicle"", ""subscriptions"", ""customer trust"", ""OTA updates"", ""business model risk""]","Evaluate the business risks and opportunities of software-defined vehicles, including subscription fatigue, update reliability, cybersecurity, and lifecycle value.",innovation_product_strategy,automotive,"[""technology_competitors"", ""innovation_opportunities"", ""rd_directions""]",2026-09-09,[]
Biotech Funding Selectivity and the Return of Portfolio Discipline,"Write an industry-level trend outlook report in English based on 'Biotech Funding Selectivity and the Return of Portfolio Discipline'. Avoid in-depth explanations of specific technical mechanisms. Category: trend_brief. Audience role: innovation_product_strategy. Industry: biotechnology. Jobs to be done: track_technologies_and_competitors,identify_innovation_opportunities,evaluate_r_and_d_directions. Keywords: biotech funding, portfolio discipline, capital markets, pipeline strategy, risk management. Overview: Forecast how selective capital markets will shape biotech pipelines, platform strategies, partnering, and asset prioritization from 2026 to 2030. The report must cover current industry conditions, demand and customer shifts, competitive landscape, supply chain, cost and regulatory factors, 3-5 year scenarios, opportunities and risks, and actionable recommendations for companies.",https://eureka.patsnap.com/ai-search/sess_402e10f065d844ea?from=rd-home&start_from=eureka_landingpage,https://eureka.patsnap.com/share/?id=bb623c09051aec709605b7a178cf2ab3&from=invite-eureakplg-result&content=,false,http_error,Eureka completion returned HTTP 405,Biotech Funding Selectivity and the Return of Portfolio Discipline,"[""trend_brief""]","[""biotech funding"", ""portfolio discipline"", ""capital markets"", ""pipeline strategy"", ""risk management""]","Forecast how selective capital markets will shape biotech pipelines, platform strategies, partnering, and asset prioritization from 2026 to 2030.",innovation_product_strategy,biotech,"[""technology_competitors"", ""innovation_opportunities"", ""rd_directions""]",2026-09-09,[]
AI-Native Discovery: Productivity Promise Meets Evidence and ROI Pressure,"Write an industry-level trend outlook report in English based on 'AI-Native Discovery: Productivity Promise Meets Evidence and ROI Pressure'. Avoid in-depth explanations of specific technical mechanisms. Category: market_landscape. Audience role: innovation_product_strategy. Industry: biotechnology. Jobs to be done: track_technologies_and_competitors,identify_innovation_opportunities,evaluate_r_and_d_directions. Keywords: AI drug discovery, productivity, ROI, evidence, biotech strategy. Overview: Analyze how AI-enabled discovery is moving from promise to measurable productivity expectations and what that means for biotech business models. The report must cover current industry conditions, demand and customer shifts, competitive landscape, supply chain, cost and regulatory factors, 3-5 year scenarios, opportunities and risks, and actionable recommendations for companies.",https://eureka.patsnap.com/ai-search/sess_474fd2c9c6ac46c1?from=rd-home&start_from=eureka_landingpage,https://eureka.patsnap.com/share/?id=308e8755deb94d31b8f0814b00f5bc3d&from=invite-eureakplg-result&content=,false,http_error,Eureka completion returned HTTP 405,AI-Native Discovery: Productivity Promise Meets Evidence and ROI Pressure,"[""market_landscape""]","[""AI drug discovery"", ""productivity"", ""ROI"", ""evidence"", ""biotech strategy""]",Analyze how AI-enabled discovery is moving from promise to measurable productivity expectations and what that means for biotech business models.,innovation_product_strategy,biotech,"[""technology_competitors"", ""innovation_opportunities"", ""rd_directions""]",2026-09-09,[]
Therapeutic Area Rotation Beyond Oncology,"Write an industry-level trend outlook report in English based on 'Therapeutic Area Rotation Beyond Oncology'. Avoid in-depth explanations of specific technical mechanisms. Category: opportunity_brief. Audience role: innovation_product_strategy. Industry: biotechnology. Jobs to be done: track_technologies_and_competitors,identify_innovation_opportunities,evaluate_r_and_d_directions. Keywords: therapeutic areas, metabolic disease, neuroscience, cardiology, biotech pipeline. Overview: Assess opportunity shifts as capital and dealmaking broaden toward metabolic, neuroscience, cardiology, immunology, and other high-need markets. The report must cover current industry conditions, demand and customer shifts, competitive landscape, supply chain, cost and regulatory factors, 3-5 year scenarios, opportunities and risks, and actionable recommendations for companies.",https://eureka.patsnap.com/ai-search/sess_3bf9ae7b15ba49b0?from=rd-home&start_from=eureka_landingpage,https://eureka.patsnap.com/share/?id=3bf03625855c9da253e4710a547cb45e&from=invite-eureakplg-result&content=,false,http_error,Eureka completion returned HTTP 405,Therapeutic Area Rotation Beyond Oncology,"[""opportunity_brief""]","[""therapeutic areas"", ""metabolic disease"", ""neuroscience"", ""cardiology"", ""biotech pipeline""]","Assess opportunity shifts as capital and dealmaking broaden toward metabolic, neuroscience, cardiology, immunology, and other high-need markets.",innovation_product_strategy,biotech,"[""technology_competitors"", ""innovation_opportunities"", ""rd_directions""]",2026-09-09,[]
"Patent Cliffs, Biosimilars, and Biotech Partnering Power","Write an industry-level trend outlook report in English based on 'Patent Cliffs, Biosimilars, and Biotech Partnering Power'. Avoid in-depth explanations of specific technical mechanisms. Category: risk_watch. Audience role: innovation_product_strategy. Industry: biotechnology. Jobs to be done: track_technologies_and_competitors,identify_innovation_opportunities,evaluate_r_and_d_directions. Keywords: patent cliff, biosimilars, partnering, licensing, commercial pressure. Overview: Evaluate how patent expirations and biosimilar competition may affect biotech partnering leverage, acquisition interest, and differentiation requirements. The report must cover current industry conditions, demand and customer shifts, competitive landscape, supply chain, cost and regulatory factors, 3-5 year scenarios, opportunities and risks, and actionable recommendations for companies.",https://eureka.patsnap.com/ai-search/sess_77889ffb6c8e40d0?from=rd-home&start_from=eureka_landingpage,https://eureka.patsnap.com/share/?id=de654af2969334f7197e6a466326d085&from=invite-eureakplg-result&content=,false,http_error,Eureka completion returned HTTP 405,"Patent Cliffs, Biosimilars, and Biotech Partnering Power","[""risk_watch""]","[""patent cliff"", ""biosimilars"", ""partnering"", ""licensing"", ""commercial pressure""]","Evaluate how patent expirations and biosimilar competition may affect biotech partnering leverage, acquisition interest, and differentiation requirements.",innovation_product_strategy,biotech,"[""technology_competitors"", ""innovation_opportunities"", ""rd_directions""]",2026-09-09,[]
Chemical Industry Demand Divergence: Winners and Laggards Through 2030,"Write an industry-level trend outlook report in English based on 'Chemical Industry Demand Divergence: Winners and Laggards Through 2030'. Avoid in-depth explanations of specific technical mechanisms. Category: trend_brief. Audience role: innovation_product_strategy. Industry: chemical. Jobs to be done: track_technologies_and_competitors,identify_innovation_opportunities,evaluate_r_and_d_directions. Keywords: chemical demand, market divergence, specialty chemicals, commodity pressure, industry outlook. Overview: Forecast how demand divergence across electronics, batteries, agriculture, construction, and consumer markets will reshape chemical industry growth. The report must cover current industry conditions, demand and customer shifts, competitive landscape, supply chain, cost and regulatory factors, 3-5 year scenarios, opportunities and risks, and actionable recommendations for companies.",https://eureka.patsnap.com/ai-search/sess_3e7466e035c24207?from=rd-home&start_from=eureka_landingpage,https://eureka.patsnap.com/share/?id=fbc5bd8a49cc75e6ccb4c92f77ce22a4&from=invite-eureakplg-result&content=,false,http_error,Eureka completion returned HTTP 405,Chemical Industry Demand Divergence: Winners and Laggards Through 2030,"[""trend_brief""]","[""chemical demand"", ""market divergence"", ""specialty chemicals"", ""commodity pressure"", ""industry outlook""]","Forecast how demand divergence across electronics, batteries, agriculture, construction, and consumer markets will reshape chemical industry growth.",innovation_product_strategy,chemical,"[""technology_competitors"", ""innovation_opportunities"", ""rd_directions""]",2026-09-09,[]
"China Capacity, Regional Trade Policy, and Chemical Margin Pressure","Write an industry-level trend outlook report in English based on 'China Capacity, Regional Trade Policy, and Chemical Margin Pressure'. Avoid in-depth explanations of specific technical mechanisms. Category: market_landscape. Audience role: innovation_product_strategy. Industry: chemical. Jobs to be done: track_technologies_and_competitors,identify_innovation_opportunities,evaluate_r_and_d_directions. Keywords: chemical overcapacity, trade policy, China, margins, regional competition. Overview: Analyze how global capacity additions, regional trade measures, and price competition could affect chemical producers' strategic options. The report must cover current industry conditions, demand and customer shifts, competitive landscape, supply chain, cost and regulatory factors, 3-5 year scenarios, opportunities and risks, and actionable recommendations for companies.",https://eureka.patsnap.com/ai-search/sess_779d72fd74fd49a1?from=rd-home&start_from=eureka_landingpage,https://eureka.patsnap.com/share/?id=e34c72f5ed39d339a5bfcb3482f3ba56&from=invite-eureakplg-result&content=,false,http_error,Eureka completion returned HTTP 405,"China Capacity, Regional Trade Policy, and Chemical Margin Pressure","[""market_landscape""]","[""chemical overcapacity"", ""trade policy"", ""China"", ""margins"", ""regional competition""]","Analyze how global capacity additions, regional trade measures, and price competition could affect chemical producers' strategic options.",innovation_product_strategy,chemical,"[""technology_competitors"", ""innovation_opportunities"", ""rd_directions""]",2026-09-09,[]
"Specialty Chemicals Growth Pockets in AI, Health, Energy, and Mobility","Write an industry-level trend outlook report in English based on 'Specialty Chemicals Growth Pockets in AI, Health, Energy, and Mobility'. Avoid in-depth explanations of specific technical mechanisms. Category: opportunity_brief. Audience role: innovation_product_strategy. Industry: chemical. Jobs to be done: track_technologies_and_competitors,identify_innovation_opportunities,evaluate_r_and_d_directions. Keywords: specialty chemicals, AI infrastructure, healthcare, energy, mobility. Overview: Assess where specialty chemical companies can find higher-value growth as customers invest in AI infrastructure, healthcare, energy systems, and mobility. The report must cover current industry conditions, demand and customer shifts, competitive landscape, supply chain, cost and regulatory factors, 3-5 year scenarios, opportunities and risks, and actionable recommendations for companies.",https://eureka.patsnap.com/ai-search/sess_1e5eee1556ac4eb6?from=rd-home&start_from=eureka_landingpage,https://eureka.patsnap.com/share/?id=669faeeeab4e9baa1519fa6145f2c71e&from=invite-eureakplg-result&content=,false,http_error,Eureka completion returned HTTP 405,"Specialty Chemicals Growth Pockets in AI, Health, Energy, and Mobility","[""opportunity_brief""]","[""specialty chemicals"", ""AI infrastructure"", ""healthcare"", ""energy"", ""mobility""]","Assess where specialty chemical companies can find higher-value growth as customers invest in AI infrastructure, healthcare, energy systems, and mobility.",innovation_product_strategy,chemical,"[""technology_competitors"", ""innovation_opportunities"", ""rd_directions""]",2026-09-09,[]
Circular Plastics and EPR: The Next Strategic Test for Chemical Producers,"Write an industry-level trend outlook report in English based on 'Circular Plastics and EPR: The Next Strategic Test for Chemical Producers'. Avoid in-depth explanations of specific technical mechanisms. Category: risk_watch. Audience role: innovation_product_strategy. Industry: chemical. Jobs to be done: track_technologies_and_competitors,identify_innovation_opportunities,evaluate_r_and_d_directions. Keywords: circular plastics, EPR, plastic regulation, recycling, chemical strategy. Overview: Evaluate how circularity mandates and producer responsibility could affect resin demand, recycling partnerships, and customer relationships. The report must cover current industry conditions, demand and customer shifts, competitive landscape, supply chain, cost and regulatory factors, 3-5 year scenarios, opportunities and risks, and actionable recommendations for companies.",https://eureka.patsnap.com/ai-search/sess_4e1eb2d9cf734f31?from=rd-home&start_from=eureka_landingpage,https://eureka.patsnap.com/share/?id=7a60b72f21023ace270a84bcbfc97171&from=invite-eureakplg-result&content=,false,http_error,Eureka completion returned HTTP 405,Circular Plastics and EPR: The Next Strategic Test for Chemical Producers,"[""risk_watch""]","[""circular plastics"", ""EPR"", ""plastic regulation"", ""recycling"", ""chemical strategy""]","Evaluate how circularity mandates and producer responsibility could affect resin demand, recycling partnerships, and customer relationships.",innovation_product_strategy,chemical,"[""technology_competitors"", ""innovation_opportunities"", ""rd_directions""]",2026-09-09,[]
K-Shaped Construction Outlook: Where Demand Diverges Through 2027,"Write an industry-level trend outlook report in English based on 'K-Shaped Construction Outlook: Where Demand Diverges Through 2027'. Avoid in-depth explanations of specific technical mechanisms. Category: trend_brief. Audience role: innovation_product_strategy. Industry: construction. Jobs to be done: track_technologies_and_competitors,identify_innovation_opportunities,evaluate_r_and_d_directions. Keywords: construction outlook, K-shaped economy, nonresidential, sector divergence, backlog. Overview: Forecast how uneven demand across data centers, healthcare, education, manufacturing, retail, and offices will shape construction strategy. The report must cover current industry conditions, demand and customer shifts, competitive landscape, supply chain, cost and regulatory factors, 3-5 year scenarios, opportunities and risks, and actionable recommendations for companies.",https://eureka.patsnap.com/ai-search/sess_b49b26c6911a4a23?from=rd-home&start_from=eureka_landingpage,https://eureka.patsnap.com/share/?id=79c90da12b71d7e2bbfbc0be20daa015&from=invite-eureakplg-result&content=,false,http_error,Eureka completion returned HTTP 405,K-Shaped Construction Outlook: Where Demand Diverges Through 2027,"[""trend_brief""]","[""construction outlook"", ""K-shaped economy"", ""nonresidential"", ""sector divergence"", ""backlog""]","Forecast how uneven demand across data centers, healthcare, education, manufacturing, retail, and offices will shape construction strategy.",innovation_product_strategy,construction,"[""technology_competitors"", ""innovation_opportunities"", ""rd_directions""]",2026-09-09,[]
"Data Centers, Healthcare, and Institutional Work as Construction Bright Spots","Write an industry-level trend outlook report in English based on 'Data Centers, Healthcare, and Institutional Work as Construction Bright Spots'. Avoid in-depth explanations of specific technical mechanisms. Category: market_landscape. Audience role: innovation_product_strategy. Industry: construction. Jobs to be done: track_technologies_and_competitors,identify_innovation_opportunities,evaluate_r_and_d_directions. Keywords: data centers, healthcare construction, institutional construction, nonresidential, growth segments. Overview: Analyze why certain construction segments remain resilient despite broader uncertainty and what that means for contractors and suppliers. The report must cover current industry conditions, demand and customer shifts, competitive landscape, supply chain, cost and regulatory factors, 3-5 year scenarios, opportunities and risks, and actionable recommendations for companies.",https://eureka.patsnap.com/ai-search/sess_9d4a1a722c00499d?from=rd-home&start_from=eureka_landingpage,https://eureka.patsnap.com/share/?id=c0631687c394b69a1ec191b43c409d7d&from=invite-eureakplg-result&content=,false,http_error,Eureka completion returned HTTP 405,"Data Centers, Healthcare, and Institutional Work as Construction Bright Spots","[""market_landscape""]","[""data centers"", ""healthcare construction"", ""institutional construction"", ""nonresidential"", ""growth segments""]",Analyze why certain construction segments remain resilient despite broader uncertainty and what that means for contractors and suppliers.,innovation_product_strategy,construction,"[""technology_competitors"", ""innovation_opportunities"", ""rd_directions""]",2026-09-09,[]
"Interest Rates, Project Finance, and Backlog Conversion Risk","Write an industry-level trend outlook report in English based on 'Interest Rates, Project Finance, and Backlog Conversion Risk'. Avoid in-depth explanations of specific technical mechanisms. Category: risk_watch. Audience role: innovation_product_strategy. Industry: construction. Jobs to be done: track_technologies_and_competitors,identify_innovation_opportunities,evaluate_r_and_d_directions. Keywords: interest rates, project finance, construction backlog, delays, investment risk. Overview: Evaluate how financing costs and owner uncertainty may affect project starts, backlog conversion, and contractor cash flow. The report must cover current industry conditions, demand and customer shifts, competitive landscape, supply chain, cost and regulatory factors, 3-5 year scenarios, opportunities and risks, and actionable recommendations for companies.",https://eureka.patsnap.com/ai-search/sess_fcff75ea66f049ad?from=rd-home&start_from=eureka_landingpage,https://eureka.patsnap.com/share/?id=ef6be59611c342383842726754e651e1&from=invite-eureakplg-result&content=,false,http_error,Eureka completion returned HTTP 405,"Interest Rates, Project Finance, and Backlog Conversion Risk","[""risk_watch""]","[""interest rates"", ""project finance"", ""construction backlog"", ""delays"", ""investment risk""]","Evaluate how financing costs and owner uncertainty may affect project starts, backlog conversion, and contractor cash flow.",innovation_product_strategy,construction,"[""technology_competitors"", ""innovation_opportunities"", ""rd_directions""]",2026-09-09,[]
"Retrofit, Renovation, and Adaptive Reuse as Long-Cycle Growth Markets","Write an industry-level trend outlook report in English based on 'Retrofit, Renovation, and Adaptive Reuse as Long-Cycle Growth Markets'. Avoid in-depth explanations of specific technical mechanisms. Category: opportunity_brief. Audience role: innovation_product_strategy. Industry: construction. Jobs to be done: track_technologies_and_competitors,identify_innovation_opportunities,evaluate_r_and_d_directions. Keywords: retrofit, renovation, adaptive reuse, aging buildings, construction demand. Overview: Assess opportunities in renovation and adaptive reuse as owners balance cost, sustainability, utilization, and changing space needs. The report must cover current industry conditions, demand and customer shifts, competitive landscape, supply chain, cost and regulatory factors, 3-5 year scenarios, opportunities and risks, and actionable recommendations for companies.",https://eureka.patsnap.com/ai-search/sess_928cf26871eb4753?from=rd-home&start_from=eureka_landingpage,https://eureka.patsnap.com/share/?id=7331f39de5875aa53bd3b3fc45e7b454&from=invite-eureakplg-result&content=,false,http_error,Eureka completion returned HTTP 405,"Retrofit, Renovation, and Adaptive Reuse as Long-Cycle Growth Markets","[""opportunity_brief""]","[""retrofit"", ""renovation"", ""adaptive reuse"", ""aging buildings"", ""construction demand""]","Assess opportunities in renovation and adaptive reuse as owners balance cost, sustainability, utilization, and changing space needs.",innovation_product_strategy,construction,"[""technology_competitors"", ""innovation_opportunities"", ""rd_directions""]",2026-09-09,[]
Electronics Manufacturing in the AI Infrastructure Boom,"Write an industry-level trend outlook report in English based on 'Electronics Manufacturing in the AI Infrastructure Boom'. Avoid in-depth explanations of specific technical mechanisms. Category: trend_brief. Audience role: innovation_product_strategy. Industry: electronics_manufacturing. Jobs to be done: track_technologies_and_competitors,identify_innovation_opportunities,evaluate_r_and_d_directions. Keywords: electronics manufacturing, AI servers, data centers, EMS, ODM. Overview: Forecast how AI server and data center demand will reshape order quality, customer concentration, margins, and capacity planning for electronics manufacturers. The report must cover current industry conditions, demand and customer shifts, competitive landscape, supply chain, cost and regulatory factors, 3-5 year scenarios, opportunities and risks, and actionable recommendations for companies.",https://eureka.patsnap.com/ai-search/sess_15108ab6787b40a9?from=rd-home&start_from=eureka_landingpage,https://eureka.patsnap.com/share/?id=135f0b137cde7dbe657fe7f8108e5337&from=invite-eureakplg-result&content=,false,http_error,Eureka completion returned HTTP 405,Electronics Manufacturing in the AI Infrastructure Boom,"[""trend_brief""]","[""electronics manufacturing"", ""AI servers"", ""data centers"", ""EMS"", ""ODM""]","Forecast how AI server and data center demand will reshape order quality, customer concentration, margins, and capacity planning for electronics manufacturers.",innovation_product_strategy,electronics_manufacturing,"[""technology_competitors"", ""innovation_opportunities"", ""rd_directions""]",2026-09-09,[]
"Memory, Advanced Packaging, and Supply Allocation Risks for Electronics OEMs","Write an industry-level trend outlook report in English based on 'Memory, Advanced Packaging, and Supply Allocation Risks for Electronics OEMs'. Avoid in-depth explanations of specific technical mechanisms. Category: market_landscape. Audience role: innovation_product_strategy. Industry: electronics_manufacturing. Jobs to be done: track_technologies_and_competitors,identify_innovation_opportunities,evaluate_r_and_d_directions. Keywords: memory cycle, advanced packaging, capacity allocation, AI hardware, supply risk. Overview: Analyze how memory demand, packaging constraints, and supply allocation could affect electronics manufacturing customers beyond the semiconductor sector. The report must cover current industry conditions, demand and customer shifts, competitive landscape, supply chain, cost and regulatory factors, 3-5 year scenarios, opportunities and risks, and actionable recommendations for companies.",https://eureka.patsnap.com/ai-search/sess_c402c1654855488c?from=rd-home&start_from=eureka_landingpage,https://eureka.patsnap.com/share/?id=6f6bc3940f455a923e55034aee878144&from=invite-eureakplg-result&content=,false,http_error,Eureka completion returned HTTP 405,"Memory, Advanced Packaging, and Supply Allocation Risks for Electronics OEMs","[""market_landscape""]","[""memory cycle"", ""advanced packaging"", ""capacity allocation"", ""AI hardware"", ""supply risk""]","Analyze how memory demand, packaging constraints, and supply allocation could affect electronics manufacturing customers beyond the semiconductor sector.",innovation_product_strategy,electronics_manufacturing,"[""technology_competitors"", ""innovation_opportunities"", ""rd_directions""]",2026-09-09,[]
Geopatriation and Compliance-Driven Footprint Redesign in Electronics,"Write an industry-level trend outlook report in English based on 'Geopatriation and Compliance-Driven Footprint Redesign in Electronics'. Avoid in-depth explanations of specific technical mechanisms. Category: risk_watch. Audience role: innovation_product_strategy. Industry: electronics_manufacturing. Jobs to be done: track_technologies_and_competitors,identify_innovation_opportunities,evaluate_r_and_d_directions. Keywords: geopatriation, manufacturing footprint, compliance, nearshoring, electronics supply chain. Overview: Evaluate how geopolitics, export controls, local rules, and customer compliance needs are reshaping electronics manufacturing footprints. The report must cover current industry conditions, demand and customer shifts, competitive landscape, supply chain, cost and regulatory factors, 3-5 year scenarios, opportunities and risks, and actionable recommendations for companies.",https://eureka.patsnap.com/ai-search/sess_682fe106c4aa46ad?from=rd-home&start_from=eureka_landingpage,https://eureka.patsnap.com/share/?id=6fb74798a06aa1f6fc7e38739eaa044a&from=invite-eureakplg-result&content=,false,http_error,Eureka completion returned HTTP 405,Geopatriation and Compliance-Driven Footprint Redesign in Electronics,"[""risk_watch""]","[""geopatriation"", ""manufacturing footprint"", ""compliance"", ""nearshoring"", ""electronics supply chain""]","Evaluate how geopolitics, export controls, local rules, and customer compliance needs are reshaping electronics manufacturing footprints.",innovation_product_strategy,electronics_manufacturing,"[""technology_competitors"", ""innovation_opportunities"", ""rd_directions""]",2026-09-09,[]
AI PCs and Edge Devices: Replacement Cycle or Short-Lived Upgrade Wave,"Write an industry-level trend outlook report in English based on 'AI PCs and Edge Devices: Replacement Cycle or Short-Lived Upgrade Wave'. Avoid in-depth explanations of specific technical mechanisms. Category: opportunity_brief. Audience role: innovation_product_strategy. Industry: electronics_manufacturing. Jobs to be done: track_technologies_and_competitors,identify_innovation_opportunities,evaluate_r_and_d_directions. Keywords: AI PC, edge devices, replacement cycle, consumer electronics, device demand. Overview: Assess whether AI-enabled devices can create a durable replacement cycle and how manufacturers should prepare for uncertain adoption curves. The report must cover current industry conditions, demand and customer shifts, competitive landscape, supply chain, cost and regulatory factors, 3-5 year scenarios, opportunities and risks, and actionable recommendations for companies.",https://eureka.patsnap.com/ai-search/sess_d2e487234ab04bd9?from=rd-home&start_from=eureka_landingpage,https://eureka.patsnap.com/share/?id=15568f7df8a780f426163f23c31386a1&from=invite-eureakplg-result&content=,false,http_error,Eureka completion returned HTTP 405,AI PCs and Edge Devices: Replacement Cycle or Short-Lived Upgrade Wave,"[""opportunity_brief""]","[""AI PC"", ""edge devices"", ""replacement cycle"", ""consumer electronics"", ""device demand""]",Assess whether AI-enabled devices can create a durable replacement cycle and how manufacturers should prepare for uncertain adoption curves.,innovation_product_strategy,electronics_manufacturing,"[""technology_competitors"", ""innovation_opportunities"", ""rd_directions""]",2026-09-09,[]
"Electricity Demand Shock: AI Data Centers, Industry, and Electrification","Write an industry-level trend outlook report in English based on 'Electricity Demand Shock: AI Data Centers, Industry, and Electrification'. Avoid in-depth explanations of specific technical mechanisms. Category: trend_brief. Audience role: innovation_product_strategy. Industry: energy. Jobs to be done: track_technologies_and_competitors,identify_innovation_opportunities,evaluate_r_and_d_directions. Keywords: electricity demand, AI data centers, electrification, grid planning, energy outlook. Overview: Forecast how AI infrastructure, industrial load growth, and electrification may reshape power markets, grid planning, and energy strategy through 2030. The report must cover current industry conditions, demand and customer shifts, competitive landscape, supply chain, cost and regulatory factors, 3-5 year scenarios, opportunities and risks, and actionable recommendations for companies.",https://eureka.patsnap.com/ai-search/sess_84234f157c7648be?from=rd-home&start_from=eureka_landingpage,https://eureka.patsnap.com/share/?id=03d880c61a06b317d78ceb513a600da3&from=invite-eureakplg-result&content=,false,http_error,Eureka completion returned HTTP 405,"Electricity Demand Shock: AI Data Centers, Industry, and Electrification","[""trend_brief""]","[""electricity demand"", ""AI data centers"", ""electrification"", ""grid planning"", ""energy outlook""]","Forecast how AI infrastructure, industrial load growth, and electrification may reshape power markets, grid planning, and energy strategy through 2030.",innovation_product_strategy,energy,"[""technology_competitors"", ""innovation_opportunities"", ""rd_directions""]",2026-09-09,[]
Grid Bottlenecks as the New Energy Transition Constraint,"Write an industry-level trend outlook report in English based on 'Grid Bottlenecks as the New Energy Transition Constraint'. Avoid in-depth explanations of specific technical mechanisms. Category: market_landscape. Audience role: innovation_product_strategy. Industry: energy. Jobs to be done: track_technologies_and_competitors,identify_innovation_opportunities,evaluate_r_and_d_directions. Keywords: grid modernization, interconnection, transmission, power reliability, clean energy. Overview: Analyze why transmission, interconnection queues, permitting, and distribution upgrades are becoming central constraints for the energy transition. The report must cover current industry conditions, demand and customer shifts, competitive landscape, supply chain, cost and regulatory factors, 3-5 year scenarios, opportunities and risks, and actionable recommendations for companies.",https://eureka.patsnap.com/ai-search/sess_c5a9d4a6e5af4275?from=rd-home&start_from=eureka_landingpage,https://eureka.patsnap.com/share/?id=54d3ec1bde3ea5115fb1931c62dc454c&from=invite-eureakplg-result&content=,false,http_error,Eureka completion returned HTTP 405,Grid Bottlenecks as the New Energy Transition Constraint,"[""market_landscape""]","[""grid modernization"", ""interconnection"", ""transmission"", ""power reliability"", ""clean energy""]","Analyze why transmission, interconnection queues, permitting, and distribution upgrades are becoming central constraints for the energy transition.",innovation_product_strategy,energy,"[""technology_competitors"", ""innovation_opportunities"", ""rd_directions""]",2026-09-09,[]
Clean Firm Power and the Search for Reliable Low-Carbon Supply,"Write an industry-level trend outlook report in English based on 'Clean Firm Power and the Search for Reliable Low-Carbon Supply'. Avoid in-depth explanations of specific technical mechanisms. Category: opportunity_brief. Audience role: innovation_product_strategy. Industry: energy. Jobs to be done: track_technologies_and_competitors,identify_innovation_opportunities,evaluate_r_and_d_directions. Keywords: clean firm power, nuclear, gas, renewables, reliability. Overview: Assess opportunities created by demand for reliable low-carbon power across utilities, industrial buyers, and technology companies. The report must cover current industry conditions, demand and customer shifts, competitive landscape, supply chain, cost and regulatory factors, 3-5 year scenarios, opportunities and risks, and actionable recommendations for companies.",https://eureka.patsnap.com/ai-search/sess_dc09ab4bf8844d21?from=rd-home&start_from=eureka_landingpage,https://eureka.patsnap.com/share/?id=2e7e2f676f88e7963381de45febde185&from=invite-eureakplg-result&content=,false,http_error,Eureka completion returned HTTP 405,Clean Firm Power and the Search for Reliable Low-Carbon Supply,"[""opportunity_brief""]","[""clean firm power"", ""nuclear"", ""gas"", ""renewables"", ""reliability""]","Assess opportunities created by demand for reliable low-carbon power across utilities, industrial buyers, and technology companies.",innovation_product_strategy,energy,"[""technology_competitors"", ""innovation_opportunities"", ""rd_directions""]",2026-09-09,[]
Energy Affordability and Policy Volatility Through 2030,"Write an industry-level trend outlook report in English based on 'Energy Affordability and Policy Volatility Through 2030'. Avoid in-depth explanations of specific technical mechanisms. Category: risk_watch. Audience role: innovation_product_strategy. Industry: energy. Jobs to be done: track_technologies_and_competitors,identify_innovation_opportunities,evaluate_r_and_d_directions. Keywords: energy affordability, policy volatility, consumer rates, energy security, investment risk. Overview: Evaluate how affordability concerns and policy swings could change investment decisions, customer acceptance, and project timing. The report must cover current industry conditions, demand and customer shifts, competitive landscape, supply chain, cost and regulatory factors, 3-5 year scenarios, opportunities and risks, and actionable recommendations for companies.",https://eureka.patsnap.com/ai-search/sess_c711c6f5ab9143e7?from=rd-home&start_from=eureka_landingpage,https://eureka.patsnap.com/share/?id=8b0afd42f947548889a114e50df8a035&from=invite-eureakplg-result&content=,false,http_error,Eureka completion returned HTTP 405,Energy Affordability and Policy Volatility Through 2030,"[""risk_watch""]","[""energy affordability"", ""policy volatility"", ""consumer rates"", ""energy security"", ""investment risk""]","Evaluate how affordability concerns and policy swings could change investment decisions, customer acceptance, and project timing.",innovation_product_strategy,energy,"[""technology_competitors"", ""innovation_opportunities"", ""rd_directions""]",2026-09-09,[]
Engineering Services and Industrial Firms in the Physical AI Era,"Write an industry-level trend outlook report in English based on 'Engineering Services and Industrial Firms in the Physical AI Era'. Avoid in-depth explanations of specific technical mechanisms. Category: trend_brief. Audience role: innovation_product_strategy. Industry: engineering. Jobs to be done: track_technologies_and_competitors,identify_innovation_opportunities,evaluate_r_and_d_directions. Keywords: physical AI, industrial automation, engineering services, capital allocation, operations. Overview: Forecast how robotics, autonomous operations, and AI-enabled engineering workflows may reshape demand for engineering services and industrial solutions. The report must cover current industry conditions, demand and customer shifts, competitive landscape, supply chain, cost and regulatory factors, 3-5 year scenarios, opportunities and risks, and actionable recommendations for companies.",https://eureka.patsnap.com/ai-search/sess_73c2d52f5a7a40d0?from=rd-home&start_from=eureka_landingpage,https://eureka.patsnap.com/share/?id=e63a4d6b2bc4aeb2632d3c053b048a32&from=invite-eureakplg-result&content=,false,http_error,Eureka completion returned HTTP 405,Engineering Services and Industrial Firms in the Physical AI Era,"[""trend_brief""]","[""physical AI"", ""industrial automation"", ""engineering services"", ""capital allocation"", ""operations""]","Forecast how robotics, autonomous operations, and AI-enabled engineering workflows may reshape demand for engineering services and industrial solutions.",innovation_product_strategy,engineering,"[""technology_competitors"", ""innovation_opportunities"", ""rd_directions""]",2026-09-09,[]
Engineering Workforce Shortages and the Productivity Mandate,"Write an industry-level trend outlook report in English based on 'Engineering Workforce Shortages and the Productivity Mandate'. Avoid in-depth explanations of specific technical mechanisms. Category: market_landscape. Audience role: innovation_product_strategy. Industry: engineering. Jobs to be done: track_technologies_and_competitors,identify_innovation_opportunities,evaluate_r_and_d_directions. Keywords: engineering workforce, skills shortage, productivity, AI copilots, delivery capacity. Overview: Analyze how talent shortages and productivity pressure are changing operating models, project staffing, and knowledge management across engineering organizations. The report must cover current industry conditions, demand and customer shifts, competitive landscape, supply chain, cost and regulatory factors, 3-5 year scenarios, opportunities and risks, and actionable recommendations for companies.",https://eureka.patsnap.com/ai-search/sess_53eb0f6ed14a41c5?from=rd-home&start_from=eureka_landingpage,https://eureka.patsnap.com/share/?id=6acf84c198a9a662ce931d1c24d11dc4&from=invite-eureakplg-result&content=,false,http_error,Eureka completion returned HTTP 405,Engineering Workforce Shortages and the Productivity Mandate,"[""market_landscape""]","[""engineering workforce"", ""skills shortage"", ""productivity"", ""AI copilots"", ""delivery capacity""]","Analyze how talent shortages and productivity pressure are changing operating models, project staffing, and knowledge management across engineering organizations.",innovation_product_strategy,engineering,"[""technology_competitors"", ""innovation_opportunities"", ""rd_directions""]",2026-09-09,[]
Aftermarket and Service Models for Industrial Equipment Companies,"Write an industry-level trend outlook report in English based on 'Aftermarket and Service Models for Industrial Equipment Companies'. Avoid in-depth explanations of specific technical mechanisms. Category: opportunity_brief. Audience role: innovation_product_strategy. Industry: engineering. Jobs to be done: track_technologies_and_competitors,identify_innovation_opportunities,evaluate_r_and_d_directions. Keywords: aftermarket, service revenue, industrial equipment, installed base, customer retention. Overview: Assess how industrial companies can expand recurring revenue through services, maintenance, uptime guarantees, and lifecycle support. The report must cover current industry conditions, demand and customer shifts, competitive landscape, supply chain, cost and regulatory factors, 3-5 year scenarios, opportunities and risks, and actionable recommendations for companies.",https://eureka.patsnap.com/ai-search/sess_78c3a94ec3d24749?from=rd-home&start_from=eureka_landingpage,https://eureka.patsnap.com/share/?id=c6626191f8ad4ab855841b8fc6ac9efb&from=invite-eureakplg-result&content=,false,http_error,Eureka completion returned HTTP 405,Aftermarket and Service Models for Industrial Equipment Companies,"[""opportunity_brief""]","[""aftermarket"", ""service revenue"", ""industrial equipment"", ""installed base"", ""customer retention""]","Assess how industrial companies can expand recurring revenue through services, maintenance, uptime guarantees, and lifecycle support.",innovation_product_strategy,engineering,"[""technology_competitors"", ""innovation_opportunities"", ""rd_directions""]",2026-09-09,[]
Industrial Capex Volatility and Project Delivery Risk,"Write an industry-level trend outlook report in English based on 'Industrial Capex Volatility and Project Delivery Risk'. Avoid in-depth explanations of specific technical mechanisms. Category: risk_watch. Audience role: innovation_product_strategy. Industry: engineering. Jobs to be done: track_technologies_and_competitors,identify_innovation_opportunities,evaluate_r_and_d_directions. Keywords: industrial capex, project risk, cost escalation, delivery model, investment cycle. Overview: Evaluate how uncertain capital spending, inflation, supply constraints, and customer delays may affect engineering project pipelines. The report must cover current industry conditions, demand and customer shifts, competitive landscape, supply chain, cost and regulatory factors, 3-5 year scenarios, opportunities and risks, and actionable recommendations for companies.",https://eureka.patsnap.com/ai-search/sess_fa229b0598c44085?from=rd-home&start_from=eureka_landingpage,https://eureka.patsnap.com/share/?id=f49beda2190869460bf2432d719bf8ea&from=invite-eureakplg-result&content=,false,http_error,Eureka completion returned HTTP 405,Industrial Capex Volatility and Project Delivery Risk,"[""risk_watch""]","[""industrial capex"", ""project risk"", ""cost escalation"", ""delivery model"", ""investment cycle""]","Evaluate how uncertain capital spending, inflation, supply constraints, and customer delays may affect engineering project pipelines.",innovation_product_strategy,engineering,"[""technology_competitors"", ""innovation_opportunities"", ""rd_directions""]",2026-09-09,[]
Farm Profitability Under Climate Volatility and Input Cost Pressure,"Write an industry-level trend outlook report in English based on 'Farm Profitability Under Climate Volatility and Input Cost Pressure'. Avoid in-depth explanations of specific technical mechanisms. Category: trend_brief. Audience role: innovation_product_strategy. Industry: farming_production. Jobs to be done: track_technologies_and_competitors,identify_innovation_opportunities,evaluate_r_and_d_directions. Keywords: farm profitability, climate volatility, input costs, crop economics, resilience. Overview: Forecast how weather volatility, input costs, insurance, and commodity cycles will shape farm investment priorities through 2030. The report must cover current industry conditions, demand and customer shifts, competitive landscape, supply chain, cost and regulatory factors, 3-5 year scenarios, opportunities and risks, and actionable recommendations for companies.",https://eureka.patsnap.com/ai-search/sess_bc6cb616313c4957?from=rd-home&start_from=eureka_landingpage,https://eureka.patsnap.com/share/?id=8c17cd0fb38dfd8f2acbcff902614c28&from=invite-eureakplg-result&content=,false,http_error,Eureka completion returned HTTP 405,Farm Profitability Under Climate Volatility and Input Cost Pressure,"[""trend_brief""]","[""farm profitability"", ""climate volatility"", ""input costs"", ""crop economics"", ""resilience""]","Forecast how weather volatility, input costs, insurance, and commodity cycles will shape farm investment priorities through 2030.",innovation_product_strategy,food_farming_production,"[""technology_competitors"", ""innovation_opportunities"", ""rd_directions""]",2026-09-09,[]
"Precision Agriculture Adoption: ROI, Trust, and Dealer-Led Scaling","Write an industry-level trend outlook report in English based on 'Precision Agriculture Adoption: ROI, Trust, and Dealer-Led Scaling'. Avoid in-depth explanations of specific technical mechanisms. Category: market_landscape. Audience role: innovation_product_strategy. Industry: farming_production. Jobs to be done: track_technologies_and_competitors,identify_innovation_opportunities,evaluate_r_and_d_directions. Keywords: precision agriculture, ROI, dealer channel, farm data, adoption curve. Overview: Analyze why precision agriculture adoption depends on measurable ROI, channel trust, interoperability, and service support rather than technology availability alone. The report must cover current industry conditions, demand and customer shifts, competitive landscape, supply chain, cost and regulatory factors, 3-5 year scenarios, opportunities and risks, and actionable recommendations for companies.",https://eureka.patsnap.com/ai-search/sess_d062c4ce152c47ac?from=rd-home&start_from=eureka_landingpage,https://eureka.patsnap.com/share/?id=f8c2187e7d641cdbd6b65c177bc6abf1&from=invite-eureakplg-result&content=,false,http_error,Eureka completion returned HTTP 405,"Precision Agriculture Adoption: ROI, Trust, and Dealer-Led Scaling","[""market_landscape""]","[""precision agriculture"", ""ROI"", ""dealer channel"", ""farm data"", ""adoption curve""]","Analyze why precision agriculture adoption depends on measurable ROI, channel trust, interoperability, and service support rather than technology availability alone.",innovation_product_strategy,food_farming_production,"[""technology_competitors"", ""innovation_opportunities"", ""rd_directions""]",2026-09-09,[]
Autonomous Farm Operations and the Labor Constraint,"Write an industry-level trend outlook report in English based on 'Autonomous Farm Operations and the Labor Constraint'. Avoid in-depth explanations of specific technical mechanisms. Category: opportunity_brief. Audience role: innovation_product_strategy. Industry: farming_production. Jobs to be done: track_technologies_and_competitors,identify_innovation_opportunities,evaluate_r_and_d_directions. Keywords: farm labor, autonomous operations, equipment strategy, productivity, farm management. Overview: Assess how labor scarcity can create demand for autonomous and semi-autonomous farm operations, service models, and new equipment economics. The report must cover current industry conditions, demand and customer shifts, competitive landscape, supply chain, cost and regulatory factors, 3-5 year scenarios, opportunities and risks, and actionable recommendations for companies.",https://eureka.patsnap.com/ai-search/sess_cb06466c90c64d72?from=rd-home&start_from=eureka_landingpage,https://eureka.patsnap.com/share/?id=8a8c8e6d924aa84af55a746ffcb43bf9&from=invite-eureakplg-result&content=,false,http_error,Eureka completion returned HTTP 405,Autonomous Farm Operations and the Labor Constraint,"[""opportunity_brief""]","[""farm labor"", ""autonomous operations"", ""equipment strategy"", ""productivity"", ""farm management""]","Assess how labor scarcity can create demand for autonomous and semi-autonomous farm operations, service models, and new equipment economics.",innovation_product_strategy,food_farming_production,"[""technology_competitors"", ""innovation_opportunities"", ""rd_directions""]",2026-09-09,[]
Water Scarcity and Irrigation Investment as Strategic Farm Issues,"Write an industry-level trend outlook report in English based on 'Water Scarcity and Irrigation Investment as Strategic Farm Issues'. Avoid in-depth explanations of specific technical mechanisms. Category: risk_watch. Audience role: innovation_product_strategy. Industry: farming_production. Jobs to be done: track_technologies_and_competitors,identify_innovation_opportunities,evaluate_r_and_d_directions. Keywords: water scarcity, irrigation, farm investment, climate adaptation, regional risk. Overview: Evaluate how water availability and regulation may reshape crop choices, equipment demand, and regional agricultural competitiveness. The report must cover current industry conditions, demand and customer shifts, competitive landscape, supply chain, cost and regulatory factors, 3-5 year scenarios, opportunities and risks, and actionable recommendations for companies.",https://eureka.patsnap.com/ai-search/sess_661d980be843413b?from=rd-home&start_from=eureka_landingpage,https://eureka.patsnap.com/share/?id=32900022371f643fd244547dc85a61c8&from=invite-eureakplg-result&content=,false,http_error,Eureka completion returned HTTP 405,Water Scarcity and Irrigation Investment as Strategic Farm Issues,"[""risk_watch""]","[""water scarcity"", ""irrigation"", ""farm investment"", ""climate adaptation"", ""regional risk""]","Evaluate how water availability and regulation may reshape crop choices, equipment demand, and regional agricultural competitiveness.",innovation_product_strategy,food_farming_production,"[""technology_competitors"", ""innovation_opportunities"", ""rd_directions""]",2026-09-09,[]
Food Portfolios After the Wellness and Affordability Collision,"Write an industry-level trend outlook report in English based on 'Food Portfolios After the Wellness and Affordability Collision'. Avoid in-depth explanations of specific technical mechanisms. Category: trend_brief. Audience role: innovation_product_strategy. Industry: food. Jobs to be done: track_technologies_and_competitors,identify_innovation_opportunities,evaluate_r_and_d_directions. Keywords: food affordability, wellness, consumer demand, portfolio strategy, value positioning. Overview: Forecast how consumers will balance affordability, health, convenience, and taste, and what that means for food company portfolios through 2030. The report must cover current industry conditions, demand and customer shifts, competitive landscape, supply chain, cost and regulatory factors, 3-5 year scenarios, opportunities and risks, and actionable recommendations for companies.",https://eureka.patsnap.com/ai-search/sess_01d42338801a4b98?from=rd-home&start_from=eureka_landingpage,https://eureka.patsnap.com/share/?id=ce19c6536c152f6ab0bdb124ef9919d8&from=invite-eureakplg-result&content=,false,http_error,Eureka completion returned HTTP 405,Food Portfolios After the Wellness and Affordability Collision,"[""trend_brief""]","[""food affordability"", ""wellness"", ""consumer demand"", ""portfolio strategy"", ""value positioning""]","Forecast how consumers will balance affordability, health, convenience, and taste, and what that means for food company portfolios through 2030.",innovation_product_strategy,food_farming_production,"[""technology_competitors"", ""innovation_opportunities"", ""rd_directions""]",2026-09-09,[]
GLP-1 Adoption and the Changing Demand Map for Food Companies,"Write an industry-level trend outlook report in English based on 'GLP-1 Adoption and the Changing Demand Map for Food Companies'. Avoid in-depth explanations of specific technical mechanisms. Category: market_landscape. Audience role: innovation_product_strategy. Industry: food. Jobs to be done: track_technologies_and_competitors,identify_innovation_opportunities,evaluate_r_and_d_directions. Keywords: GLP-1, food demand, portion size, protein, consumer behavior. Overview: Analyze how appetite-modifying therapies could affect food categories, portion formats, nutrition claims, and brand positioning. The report must cover current industry conditions, demand and customer shifts, competitive landscape, supply chain, cost and regulatory factors, 3-5 year scenarios, opportunities and risks, and actionable recommendations for companies.",https://eureka.patsnap.com/ai-search/sess_7b249c41c51445af?from=rd-home&start_from=eureka_landingpage,https://eureka.patsnap.com/share/?id=8047d03d6b374096a652c953f9759c74&from=invite-eureakplg-result&content=,false,http_error,Eureka completion returned HTTP 405,GLP-1 Adoption and the Changing Demand Map for Food Companies,"[""market_landscape""]","[""GLP-1"", ""food demand"", ""portion size"", ""protein"", ""consumer behavior""]","Analyze how appetite-modifying therapies could affect food categories, portion formats, nutrition claims, and brand positioning.",innovation_product_strategy,food_farming_production,"[""technology_competitors"", ""innovation_opportunities"", ""rd_directions""]",2026-09-09,[]
"Protein Transition 2.0: From Novelty to Taste, Cost, and Supply Reliability","Write an industry-level trend outlook report in English based on 'Protein Transition 2.0: From Novelty to Taste, Cost, and Supply Reliability'. Avoid in-depth explanations of specific technical mechanisms. Category: opportunity_brief. Audience role: innovation_product_strategy. Industry: food. Jobs to be done: track_technologies_and_competitors,identify_innovation_opportunities,evaluate_r_and_d_directions. Keywords: protein transition, alternative protein, taste, cost parity, supply reliability. Overview: Assess where alternative and blended proteins can find durable demand as consumers and retailers prioritize value and eating experience. The report must cover current industry conditions, demand and customer shifts, competitive landscape, supply chain, cost and regulatory factors, 3-5 year scenarios, opportunities and risks, and actionable recommendations for companies.",https://eureka.patsnap.com/ai-search/sess_7c4a0f12527f4725?from=rd-home&start_from=eureka_landingpage,https://eureka.patsnap.com/share/?id=4cde5128d65d9d22c827c2a9548ad77e&from=invite-eureakplg-result&content=,false,http_error,Eureka completion returned HTTP 405,"Protein Transition 2.0: From Novelty to Taste, Cost, and Supply Reliability","[""opportunity_brief""]","[""protein transition"", ""alternative protein"", ""taste"", ""cost parity"", ""supply reliability""]",Assess where alternative and blended proteins can find durable demand as consumers and retailers prioritize value and eating experience.,innovation_product_strategy,food_farming_production,"[""technology_competitors"", ""innovation_opportunities"", ""rd_directions""]",2026-09-09,[]
Ultra-Processed Food Scrutiny and the Next Labeling Debate,"Write an industry-level trend outlook report in English based on 'Ultra-Processed Food Scrutiny and the Next Labeling Debate'. Avoid in-depth explanations of specific technical mechanisms. Category: risk_watch. Audience role: innovation_product_strategy. Industry: food. Jobs to be done: track_technologies_and_competitors,identify_innovation_opportunities,evaluate_r_and_d_directions. Keywords: ultra-processed food, labeling, regulation, consumer trust, reformulation. Overview: Evaluate how regulatory and consumer scrutiny of processing, additives, and claims could reshape product development and portfolio risk. The report must cover current industry conditions, demand and customer shifts, competitive landscape, supply chain, cost and regulatory factors, 3-5 year scenarios, opportunities and risks, and actionable recommendations for companies.",https://eureka.patsnap.com/ai-search/sess_6f167bf446194401?from=rd-home&start_from=eureka_landingpage,https://eureka.patsnap.com/share/?id=29ce9eacfb07b62918b308a3049067b2&from=invite-eureakplg-result&content=,false,http_error,Eureka completion returned HTTP 405,Ultra-Processed Food Scrutiny and the Next Labeling Debate,"[""risk_watch""]","[""ultra-processed food"", ""labeling"", ""regulation"", ""consumer trust"", ""reformulation""]","Evaluate how regulatory and consumer scrutiny of processing, additives, and claims could reshape product development and portfolio risk.",innovation_product_strategy,food_farming_production,"[""technology_competitors"", ""innovation_opportunities"", ""rd_directions""]",2026-09-09,[]
Advanced Materials Demand Migration: From Volume Markets to Mission-Critical Applications,"Write an industry-level trend outlook report in English based on 'Advanced Materials Demand Migration: From Volume Markets to Mission-Critical Applications'. Avoid in-depth explanations of specific technical mechanisms. Category: trend_brief. Audience role: innovation_product_strategy. Industry: materials. Jobs to be done: track_technologies_and_competitors,identify_innovation_opportunities,evaluate_r_and_d_directions. Keywords: advanced materials, demand migration, high-value applications, margin mix, industrial strategy. Overview: Forecast how demand from energy, AI infrastructure, mobility, healthcare, and defense-adjacent applications will shift materials industry value pools. The report must cover current industry conditions, demand and customer shifts, competitive landscape, supply chain, cost and regulatory factors, 3-5 year scenarios, opportunities and risks, and actionable recommendations for companies.",https://eureka.patsnap.com/ai-search/sess_2d42d5995ffe4a7e?from=rd-home&start_from=eureka_landingpage,https://eureka.patsnap.com/share/?id=1fdc3e8159ddf609b3a7df6e423571ef&from=invite-eureakplg-result&content=,false,http_error,Eureka completion returned HTTP 405,Advanced Materials Demand Migration: From Volume Markets to Mission-Critical Applications,"[""trend_brief""]","[""advanced materials"", ""demand migration"", ""high-value applications"", ""margin mix"", ""industrial strategy""]","Forecast how demand from energy, AI infrastructure, mobility, healthcare, and defense-adjacent applications will shift materials industry value pools.",innovation_product_strategy,materials,"[""technology_competitors"", ""innovation_opportunities"", ""rd_directions""]",2026-09-09,[]
"Critical Minerals, Substitution, and the New Materials Security Agenda","Write an industry-level trend outlook report in English based on 'Critical Minerals, Substitution, and the New Materials Security Agenda'. Avoid in-depth explanations of specific technical mechanisms. Category: market_landscape. Audience role: innovation_product_strategy. Industry: materials. Jobs to be done: track_technologies_and_competitors,identify_innovation_opportunities,evaluate_r_and_d_directions. Keywords: critical minerals, substitution, supply security, resource strategy, materials resilience. Overview: Analyze how critical mineral constraints and substitution efforts are changing sourcing, customer qualification, and investment priorities across materials value chains. The report must cover current industry conditions, demand and customer shifts, competitive landscape, supply chain, cost and regulatory factors, 3-5 year scenarios, opportunities and risks, and actionable recommendations for companies.",https://eureka.patsnap.com/ai-search/sess_96637eb6b70c4968?from=rd-home&start_from=eureka_landingpage,https://eureka.patsnap.com/share/?id=4386443b31b78964f8836ca348e3abc4&from=invite-eureakplg-result&content=,false,http_error,Eureka completion returned HTTP 405,"Critical Minerals, Substitution, and the New Materials Security Agenda","[""market_landscape""]","[""critical minerals"", ""substitution"", ""supply security"", ""resource strategy"", ""materials resilience""]","Analyze how critical mineral constraints and substitution efforts are changing sourcing, customer qualification, and investment priorities across materials value chains.",innovation_product_strategy,materials,"[""technology_competitors"", ""innovation_opportunities"", ""rd_directions""]",2026-09-09,[]
"Materials for AI Infrastructure: Power, Cooling, Packaging, and Reliability Demand","Write an industry-level trend outlook report in English based on 'Materials for AI Infrastructure: Power, Cooling, Packaging, and Reliability Demand'. Avoid in-depth explanations of specific technical mechanisms. Category: opportunity_brief. Audience role: innovation_product_strategy. Industry: materials. Jobs to be done: track_technologies_and_competitors,identify_innovation_opportunities,evaluate_r_and_d_directions. Keywords: AI infrastructure, thermal management, power materials, electronics materials, data centers. Overview: Assess broad opportunities for materials suppliers as AI data centers raise requirements for power delivery, heat management, durability, and supply assurance. The report must cover current industry conditions, demand and customer shifts, competitive landscape, supply chain, cost and regulatory factors, 3-5 year scenarios, opportunities and risks, and actionable recommendations for companies.",https://eureka.patsnap.com/ai-search/sess_4943e8ef150c4a63?from=rd-home&start_from=eureka_landingpage,https://eureka.patsnap.com/share/?id=f96ad4d52a1c8ebc833f161deccb4af5&from=invite-eureakplg-result&content=,false,http_error,Eureka completion returned HTTP 405,"Materials for AI Infrastructure: Power, Cooling, Packaging, and Reliability Demand","[""opportunity_brief""]","[""AI infrastructure"", ""thermal management"", ""power materials"", ""electronics materials"", ""data centers""]","Assess broad opportunities for materials suppliers as AI data centers raise requirements for power delivery, heat management, durability, and supply assurance.",innovation_product_strategy,materials,"[""technology_competitors"", ""innovation_opportunities"", ""rd_directions""]",2026-09-09,[]
Circular Materials and Carbon Data as Customer Qualification Requirements,"Write an industry-level trend outlook report in English based on 'Circular Materials and Carbon Data as Customer Qualification Requirements'. Avoid in-depth explanations of specific technical mechanisms. Category: risk_watch. Audience role: innovation_product_strategy. Industry: materials. Jobs to be done: track_technologies_and_competitors,identify_innovation_opportunities,evaluate_r_and_d_directions. Keywords: circular materials, carbon footprint, product passport, procurement, sustainability reporting. Overview: Evaluate how circularity expectations, product carbon data, and procurement rules could change customer qualification and premium pricing in materials markets. The report must cover current industry conditions, demand and customer shifts, competitive landscape, supply chain, cost and regulatory factors, 3-5 year scenarios, opportunities and risks, and actionable recommendations for companies.",https://eureka.patsnap.com/ai-search/sess_34aabae5afad4eb8?from=rd-home&start_from=eureka_landingpage,https://eureka.patsnap.com/share/?id=9c83724b921ce90a8b1b657f4e17353c&from=invite-eureakplg-result&content=,false,http_error,Eureka completion returned HTTP 405,Circular Materials and Carbon Data as Customer Qualification Requirements,"[""risk_watch""]","[""circular materials"", ""carbon footprint"", ""product passport"", ""procurement"", ""sustainability reporting""]","Evaluate how circularity expectations, product carbon data, and procurement rules could change customer qualification and premium pricing in materials markets.",innovation_product_strategy,materials,"[""technology_competitors"", ""innovation_opportunities"", ""rd_directions""]",2026-09-09,[]
MedTech Demand in the Era of Capacity-Constrained Health Systems,"Write an industry-level trend outlook report in English based on 'MedTech Demand in the Era of Capacity-Constrained Health Systems'. Avoid in-depth explanations of specific technical mechanisms. Category: trend_brief. Audience role: innovation_product_strategy. Industry: medical_devices. Jobs to be done: track_technologies_and_competitors,identify_innovation_opportunities,evaluate_r_and_d_directions. Keywords: medtech demand, hospital capacity, care delivery, procurement pressure, growth outlook. Overview: Forecast how constrained provider budgets, rising utilization, aging populations, and care-site migration will reshape medical device demand and competitive priorities through 2030. The report must cover current industry conditions, demand and customer shifts, competitive landscape, supply chain, cost and regulatory factors, 3-5 year scenarios, opportunities and risks, and actionable recommendations for companies.",https://eureka.patsnap.com/ai-search/sess_f3d8cafb5ece4742?from=rd-home&start_from=eureka_landingpage,https://eureka.patsnap.com/share/?id=0c542aea5dd7063ef2660cdd642748cc&from=invite-eureakplg-result&content=,false,http_error,Eureka completion returned HTTP 405,MedTech Demand in the Era of Capacity-Constrained Health Systems,"[""trend_brief""]","[""medtech demand"", ""hospital capacity"", ""care delivery"", ""procurement pressure"", ""growth outlook""]","Forecast how constrained provider budgets, rising utilization, aging populations, and care-site migration will reshape medical device demand and competitive priorities through 2030.",innovation_product_strategy,medical_devices,"[""technology_competitors"", ""innovation_opportunities"", ""rd_directions""]",2026-09-09,[]
The New MedTech Buyer: From Clinical Preference to Enterprise Value Committees,"Write an industry-level trend outlook report in English based on 'The New MedTech Buyer: From Clinical Preference to Enterprise Value Committees'. Avoid in-depth explanations of specific technical mechanisms. Category: market_landscape. Audience role: innovation_product_strategy. Industry: medical_devices. Jobs to be done: track_technologies_and_competitors,identify_innovation_opportunities,evaluate_r_and_d_directions. Keywords: medtech buyer, value analysis, procurement, evidence strategy, commercial model. Overview: Analyze how hospital value committees, reimbursement scrutiny, and system-level purchasing are changing medtech launch strategy, pricing power, and customer engagement. The report must cover current industry conditions, demand and customer shifts, competitive landscape, supply chain, cost and regulatory factors, 3-5 year scenarios, opportunities and risks, and actionable recommendations for companies.",https://eureka.patsnap.com/ai-search/sess_fb0480906f794163?from=rd-home&start_from=eureka_landingpage,https://eureka.patsnap.com/share/?id=7a6b61434e9196e28f865b187ada76bc&from=invite-eureakplg-result&content=,false,http_error,Eureka completion returned HTTP 405,The New MedTech Buyer: From Clinical Preference to Enterprise Value Committees,"[""market_landscape""]","[""medtech buyer"", ""value analysis"", ""procurement"", ""evidence strategy"", ""commercial model""]","Analyze how hospital value committees, reimbursement scrutiny, and system-level purchasing are changing medtech launch strategy, pricing power, and customer engagement.",innovation_product_strategy,medical_devices,"[""technology_competitors"", ""innovation_opportunities"", ""rd_directions""]",2026-09-09,[]
"Home, Retail, and Ambulatory Care as the Next MedTech Growth Frontier","Write an industry-level trend outlook report in English based on 'Home, Retail, and Ambulatory Care as the Next MedTech Growth Frontier'. Avoid in-depth explanations of specific technical mechanisms. Category: opportunity_brief. Audience role: innovation_product_strategy. Industry: medical_devices. Jobs to be done: track_technologies_and_competitors,identify_innovation_opportunities,evaluate_r_and_d_directions. Keywords: site of care shift, home care, ambulatory care, remote monitoring, channel strategy. Overview: Assess how shifts away from inpatient settings could open new growth spaces for diagnostics, monitoring, therapy delivery, and service models. The report must cover current industry conditions, demand and customer shifts, competitive landscape, supply chain, cost and regulatory factors, 3-5 year scenarios, opportunities and risks, and actionable recommendations for companies.",https://eureka.patsnap.com/ai-search/sess_5f1f3d052dc24d8e?from=rd-home&start_from=eureka_landingpage,https://eureka.patsnap.com/share/?id=ea05a787417e873f5d4c5501bd6b6172&from=invite-eureakplg-result&content=,false,http_error,Eureka completion returned HTTP 405,"Home, Retail, and Ambulatory Care as the Next MedTech Growth Frontier","[""opportunity_brief""]","[""site of care shift"", ""home care"", ""ambulatory care"", ""remote monitoring"", ""channel strategy""]","Assess how shifts away from inpatient settings could open new growth spaces for diagnostics, monitoring, therapy delivery, and service models.",innovation_product_strategy,medical_devices,"[""technology_competitors"", ""innovation_opportunities"", ""rd_directions""]",2026-09-09,[]
"Cybersecurity, Software Maintenance, and Trust as MedTech Boardroom Issues","Write an industry-level trend outlook report in English based on 'Cybersecurity, Software Maintenance, and Trust as MedTech Boardroom Issues'. Avoid in-depth explanations of specific technical mechanisms. Category: risk_watch. Audience role: innovation_product_strategy. Industry: medical_devices. Jobs to be done: track_technologies_and_competitors,identify_innovation_opportunities,evaluate_r_and_d_directions. Keywords: device cybersecurity, software maintenance, digital trust, regulatory risk, lifecycle economics. Overview: Evaluate why connected devices are turning cybersecurity, updates, and postmarket monitoring into strategic issues for medtech portfolios and margins. The report must cover current industry conditions, demand and customer shifts, competitive landscape, supply chain, cost and regulatory factors, 3-5 year scenarios, opportunities and risks, and actionable recommendations for companies.",https://eureka.patsnap.com/ai-search/sess_fbb853308a3e4ab4?from=rd-home&start_from=eureka_landingpage,https://eureka.patsnap.com/share/?id=4f5fbf77b3b24db38bfa8ce8fbd3177e&from=invite-eureakplg-result&content=,false,http_error,Eureka completion returned HTTP 405,"Cybersecurity, Software Maintenance, and Trust as MedTech Boardroom Issues","[""risk_watch""]","[""device cybersecurity"", ""software maintenance"", ""digital trust"", ""regulatory risk"", ""lifecycle economics""]","Evaluate why connected devices are turning cybersecurity, updates, and postmarket monitoring into strategic issues for medtech portfolios and margins.",innovation_product_strategy,medical_devices,"[""technology_competitors"", ""innovation_opportunities"", ""rd_directions""]",2026-09-09,[]
AI Investment Discipline: From Experimentation to Measurable Business Outcomes,"Write an industry-level trend outlook report in English based on 'AI Investment Discipline: From Experimentation to Measurable Business Outcomes'. Avoid in-depth explanations of specific technical mechanisms. Category: trend_brief. Audience role: innovation_product_strategy. Industry: other. Jobs to be done: track_technologies_and_competitors,identify_innovation_opportunities,evaluate_r_and_d_directions. Keywords: AI ROI, investment discipline, business outcomes, governance, enterprise strategy. Overview: Forecast how organizations across industries will shift from AI experimentation to measurable productivity, governance, and capital allocation discipline. The report must cover current industry conditions, demand and customer shifts, competitive landscape, supply chain, cost and regulatory factors, 3-5 year scenarios, opportunities and risks, and actionable recommendations for companies.",https://eureka.patsnap.com/ai-search/sess_85831d4ef4db4841?from=rd-home&start_from=eureka_landingpage,https://eureka.patsnap.com/share/?id=17d0ee8cc0eba6110df1ea9ddeae80d1&from=invite-eureakplg-result&content=,false,http_error,Eureka completion returned HTTP 405,AI Investment Discipline: From Experimentation to Measurable Business Outcomes,"[""trend_brief""]","[""AI ROI"", ""investment discipline"", ""business outcomes"", ""governance"", ""enterprise strategy""]","Forecast how organizations across industries will shift from AI experimentation to measurable productivity, governance, and capital allocation discipline.",innovation_product_strategy,other,"[""technology_competitors"", ""innovation_opportunities"", ""rd_directions""]",2026-09-09,[]
Geopatriation and Regionalization as Cross-Industry Strategy,"Write an industry-level trend outlook report in English based on 'Geopatriation and Regionalization as Cross-Industry Strategy'. Avoid in-depth explanations of specific technical mechanisms. Category: market_landscape. Audience role: innovation_product_strategy. Industry: other. Jobs to be done: track_technologies_and_competitors,identify_innovation_opportunities,evaluate_r_and_d_directions. Keywords: geopatriation, regionalization, supply chains, compliance, operating model. Overview: Analyze how geopolitical fragmentation and local requirements are changing supply chains, data strategy, manufacturing footprints, and market access. The report must cover current industry conditions, demand and customer shifts, competitive landscape, supply chain, cost and regulatory factors, 3-5 year scenarios, opportunities and risks, and actionable recommendations for companies.",https://eureka.patsnap.com/ai-search/sess_5d9ab572dc29443f?from=rd-home&start_from=eureka_landingpage,https://eureka.patsnap.com/share/?id=499f235496b0035eacea2658bf754b7f&from=invite-eureakplg-result&content=,false,http_error,Eureka completion returned HTTP 405,Geopatriation and Regionalization as Cross-Industry Strategy,"[""market_landscape""]","[""geopatriation"", ""regionalization"", ""supply chains"", ""compliance"", ""operating model""]","Analyze how geopolitical fragmentation and local requirements are changing supply chains, data strategy, manufacturing footprints, and market access.",innovation_product_strategy,other,"[""technology_competitors"", ""innovation_opportunities"", ""rd_directions""]",2026-09-09,[]
Multiagent Systems and the Next Enterprise Operating Model,"Write an industry-level trend outlook report in English based on 'Multiagent Systems and the Next Enterprise Operating Model'. Avoid in-depth explanations of specific technical mechanisms. Category: opportunity_brief. Audience role: innovation_product_strategy. Industry: other. Jobs to be done: track_technologies_and_competitors,identify_innovation_opportunities,evaluate_r_and_d_directions. Keywords: multiagent systems, enterprise operations, workflow automation, AI governance, productivity. Overview: Assess broad business opportunities from multiagent systems while focusing on organizational design, accountability, and value capture rather than technical architecture. The report must cover current industry conditions, demand and customer shifts, competitive landscape, supply chain, cost and regulatory factors, 3-5 year scenarios, opportunities and risks, and actionable recommendations for companies.",https://eureka.patsnap.com/ai-search/sess_434380dc53d94ebc?from=rd-home&start_from=eureka_landingpage,https://eureka.patsnap.com/share/?id=7cda8a6d139fae54270dc36ca292164e&from=invite-eureakplg-result&content=,false,http_error,Eureka completion returned HTTP 405,Multiagent Systems and the Next Enterprise Operating Model,"[""opportunity_brief""]","[""multiagent systems"", ""enterprise operations"", ""workflow automation"", ""AI governance"", ""productivity""]","Assess broad business opportunities from multiagent systems while focusing on organizational design, accountability, and value capture rather than technical architecture.",innovation_product_strategy,other,"[""technology_competitors"", ""innovation_opportunities"", ""rd_directions""]",2026-09-09,[]
"AI Security, Digital Provenance, and Trust in Automated Workflows","Write an industry-level trend outlook report in English based on 'AI Security, Digital Provenance, and Trust in Automated Workflows'. Avoid in-depth explanations of specific technical mechanisms. Category: risk_watch. Audience role: innovation_product_strategy. Industry: other. Jobs to be done: track_technologies_and_competitors,identify_innovation_opportunities,evaluate_r_and_d_directions. Keywords: AI security, digital provenance, trust, cybersecurity, automated workflows. Overview: Evaluate why security, provenance, and accountability are becoming central issues as AI moves into business-critical workflows. The report must cover current industry conditions, demand and customer shifts, competitive landscape, supply chain, cost and regulatory factors, 3-5 year scenarios, opportunities and risks, and actionable recommendations for companies.",https://eureka.patsnap.com/ai-search/sess_c6a8596a5d814ebc?from=rd-home&start_from=eureka_landingpage,https://eureka.patsnap.com/share/?id=fcb84d816a2e37aa71f3e223cf0f9f0f&from=invite-eureakplg-result&content=,false,http_error,Eureka completion returned HTTP 405,"AI Security, Digital Provenance, and Trust in Automated Workflows","[""risk_watch""]","[""AI security"", ""digital provenance"", ""trust"", ""cybersecurity"", ""automated workflows""]","Evaluate why security, provenance, and accountability are becoming central issues as AI moves into business-critical workflows.",innovation_product_strategy,other,"[""technology_competitors"", ""innovation_opportunities"", ""rd_directions""]",2026-09-09,[]
