input,generated_prompt,session_url,share_url,title,categories,keywords,description,role,industry,jtbd,date,sub_industry
2026-2030 Automotive Industry Reset: From Volume Cycles to Software and Energy Ecosystems,"Write an industry-level trend outlook report in English based on '2026-2030 Automotive Industry Reset: From Volume Cycles to Software and Energy Ecosystems'. Avoid in-depth explanations of specific technical mechanisms. Category: industry_outlook. Audience role: innovation_product_strategy. Industry: automotive. Jobs to be done: track_technologies_and_competitors,identify_innovation_opportunities,evaluate_r_and_d_directions. Keywords: automotive outlook, software-defined vehicle, energy ecosystem, pricing pressure, global competition. Overview: Forecast how price pressure, energy infrastructure, software services, export markets, and changing consumer value expectations will reshape automotive competition. The report must cover current industry conditions, demand and customer shifts, competitive landscape, supply chain, cost and regulatory factors, 3-5 year scenarios, opportunities and risks, and actionable recommendations for companies.",https://eureka.patsnap.com/ai-search/sess_2f3ce0535f08425d?from=rd-home&start_from=eureka_landingpage,https://eureka.patsnap.com/share/?id=37b2920a94c51db2949fdf5e98ba45d9&from=invite-eureakplg-result&content=,2026-2030 Automotive Industry Reset: From Volume Cycles to Software and Energy Ecosystems,"[""industry_outlook""]","[""automotive outlook"", ""software-defined vehicle"", ""energy ecosystem"", ""pricing pressure"", ""global competition""]","Forecast how price pressure, energy infrastructure, software services, export markets, and changing consumer value expectations will reshape automotive competition.",innovation_product_strategy,automotive,"[""technology_competitors"", ""innovation_opportunities"", ""rd_directions""]",2026-09-09,[]
Regionalized Automotive Supply Chains and the Evolution of Automaker Profit Models,"Write an industry-level trend outlook report in English based on 'Regionalized Automotive Supply Chains and the Evolution of Automaker Profit Models'. Avoid in-depth explanations of specific technical mechanisms. Category: market_landscape. Audience role: innovation_product_strategy. Industry: automotive. Jobs to be done: track_technologies_and_competitors,identify_innovation_opportunities,evaluate_r_and_d_directions. Keywords: regional supply chain, profit model, local manufacturing, tariff risk, aftermarket. Overview: Analyze how regional manufacturing, tariffs, local component sourcing, and aftermarket economics are changing automaker profitability and supply chain strategy. The report must cover current industry conditions, demand and customer shifts, competitive landscape, supply chain, cost and regulatory factors, 3-5 year scenarios, opportunities and risks, and actionable recommendations for companies.",https://eureka.patsnap.com/ai-search/sess_11016e83cc9e4b66?from=rd-home&start_from=eureka_landingpage,https://eureka.patsnap.com/share/?id=4e27ffa142eed80538bbb13d8562660d&from=invite-eureakplg-result&content=,Regionalized Automotive Supply Chains and the Evolution of Automaker Profit Models,"[""market_landscape""]","[""regional supply chain"", ""profit model"", ""local manufacturing"", ""tariff risk"", ""aftermarket""]","Analyze how regional manufacturing, tariffs, local component sourcing, and aftermarket economics are changing automaker profitability and supply chain strategy.",innovation_product_strategy,automotive,"[""technology_competitors"", ""innovation_opportunities"", ""rd_directions""]",2026-09-09,[]
Automotive Competition Is Moving from Hardware Features to Customer Lifecycle Operations,"Write an industry-level trend outlook report in English based on 'Automotive Competition Is Moving from Hardware Features to Customer Lifecycle Operations'. Avoid in-depth explanations of specific technical mechanisms. Category: opportunity_brief. Audience role: innovation_product_strategy. Industry: automotive. Jobs to be done: track_technologies_and_competitors,identify_innovation_opportunities,evaluate_r_and_d_directions. Keywords: user lifecycle, connected services, brand loyalty, subscription, customer operations. Overview: Assess how automakers can extend customer lifetime value through user operations, software services, maintenance, financing, and used-car ecosystems. The report must cover current industry conditions, demand and customer shifts, competitive landscape, supply chain, cost and regulatory factors, 3-5 year scenarios, opportunities and risks, and actionable recommendations for companies.",https://eureka.patsnap.com/ai-search/sess_69f7e35066d643bb?from=rd-home&start_from=eureka_landingpage,https://eureka.patsnap.com/share/?id=98cc674a55eb187b8cac27417cb3dce5&from=invite-eureakplg-result&content=,Automotive Competition Is Moving from Hardware Features to Customer Lifecycle Operations,"[""opportunity_brief""]","[""user lifecycle"", ""connected services"", ""brand loyalty"", ""subscription"", ""customer operations""]","Assess how automakers can extend customer lifetime value through user operations, software services, maintenance, financing, and used-car ecosystems.",innovation_product_strategy,automotive,"[""technology_competitors"", ""innovation_opportunities"", ""rd_directions""]",2026-09-09,[]
2026-2030 Biotechnology Outlook: Capital Recovery and Pipeline Value Re-Rating,"Write an industry-level trend outlook report in English based on '2026-2030 Biotechnology Outlook: Capital Recovery and Pipeline Value Re-Rating'. Avoid in-depth explanations of specific technical mechanisms. Category: industry_outlook. Audience role: innovation_product_strategy. Industry: biotechnology. Jobs to be done: track_technologies_and_competitors,identify_innovation_opportunities,evaluate_r_and_d_directions. Keywords: biotech outlook, capital market, pipeline valuation, partnership, clinical strategy. Overview: Forecast the timing and implications of biotech capital recovery and pipeline value re-rating based on financing conditions, clinical translation, partnerships, and payment pressure. The report must cover current industry conditions, demand and customer shifts, competitive landscape, supply chain, cost and regulatory factors, 3-5 year scenarios, opportunities and risks, and actionable recommendations for companies.",https://eureka.patsnap.com/ai-search/sess_c9cd4b1c148d47e6?from=rd-home&start_from=eureka_landingpage,https://eureka.patsnap.com/share/?id=03bed49553bbfd1a30de720ded5cde8d&from=invite-eureakplg-result&content=,2026-2030 Biotechnology Outlook: Capital Recovery and Pipeline Value Re-Rating,"[""industry_outlook""]","[""biotech outlook"", ""capital market"", ""pipeline valuation"", ""partnership"", ""clinical strategy""]","Forecast the timing and implications of biotech capital recovery and pipeline value re-rating based on financing conditions, clinical translation, partnerships, and payment pressure.",innovation_product_strategy,biotech,"[""technology_competitors"", ""innovation_opportunities"", ""rd_directions""]",2026-09-09,[]
Biotech Is Moving from Platform Narratives to Product Evidence and Commercial Discipline,"Write an industry-level trend outlook report in English based on 'Biotech Is Moving from Platform Narratives to Product Evidence and Commercial Discipline'. Avoid in-depth explanations of specific technical mechanisms. Category: market_landscape. Audience role: innovation_product_strategy. Industry: biotechnology. Jobs to be done: track_technologies_and_competitors,identify_innovation_opportunities,evaluate_r_and_d_directions. Keywords: platform biotech, clinical evidence, commercial discipline, partnership model, portfolio focus. Overview: Analyze how investors and industry partners are shifting from platform potential toward clinical evidence, differentiated products, and clearer commercialization paths. The report must cover current industry conditions, demand and customer shifts, competitive landscape, supply chain, cost and regulatory factors, 3-5 year scenarios, opportunities and risks, and actionable recommendations for companies.",https://eureka.patsnap.com/ai-search/sess_48e780c6bd564a8a?from=rd-home&start_from=eureka_landingpage,https://eureka.patsnap.com/share/?id=8988bae82f7b4199ef8f83ffcfd66d24&from=invite-eureakplg-result&content=,Biotech Is Moving from Platform Narratives to Product Evidence and Commercial Discipline,"[""market_landscape""]","[""platform biotech"", ""clinical evidence"", ""commercial discipline"", ""partnership model"", ""portfolio focus""]","Analyze how investors and industry partners are shifting from platform potential toward clinical evidence, differentiated products, and clearer commercialization paths.",innovation_product_strategy,biotech,"[""technology_competitors"", ""innovation_opportunities"", ""rd_directions""]",2026-09-09,[]
Changing Global Biotech Value Chains and Local Innovation Opportunities,"Write an industry-level trend outlook report in English based on 'Changing Global Biotech Value Chains and Local Innovation Opportunities'. Avoid in-depth explanations of specific technical mechanisms. Category: opportunity_brief. Audience role: innovation_product_strategy. Industry: biotechnology. Jobs to be done: track_technologies_and_competitors,identify_innovation_opportunities,evaluate_r_and_d_directions. Keywords: biotech supply chain, local innovation, licensing, CDMO, global collaboration. Overview: Assess how R&D outsourcing, manufacturing services, licensing deals, and regional policy shifts are changing global collaboration and local innovation opportunities in biotechnology. The report must cover current industry conditions, demand and customer shifts, competitive landscape, supply chain, cost and regulatory factors, 3-5 year scenarios, opportunities and risks, and actionable recommendations for companies.",https://eureka.patsnap.com/ai-search/sess_0aa8a51133bb4b7d?from=rd-home&start_from=eureka_landingpage,https://eureka.patsnap.com/share/?id=90c915390b0d46991773edf5539ba790&from=invite-eureakplg-result&content=,Changing Global Biotech Value Chains and Local Innovation Opportunities,"[""opportunity_brief""]","[""biotech supply chain"", ""local innovation"", ""licensing"", ""CDMO"", ""global collaboration""]","Assess how R&D outsourcing, manufacturing services, licensing deals, and regional policy shifts are changing global collaboration and local innovation opportunities in biotechnology.",innovation_product_strategy,biotech,"[""technology_competitors"", ""innovation_opportunities"", ""rd_directions""]",2026-09-09,[]
"2026-2030 Chemical Industry Outlook: Cycle Recovery, Margin Divergence, and Asset Re-Rating","Write an industry-level trend outlook report in English based on '2026-2030 Chemical Industry Outlook: Cycle Recovery, Margin Divergence, and Asset Re-Rating'. Avoid in-depth explanations of specific technical mechanisms. Category: industry_outlook. Audience role: innovation_product_strategy. Industry: chemical. Jobs to be done: track_technologies_and_competitors,identify_innovation_opportunities,evaluate_r_and_d_directions. Keywords: chemical industry outlook, cycle recovery, margin divergence, asset valuation, portfolio strategy. Overview: Forecast chemical industry cycle recovery and margin divergence based on demand recovery, feedstock prices, capacity absorption, downstream mix, and capital expenditure. The report must cover current industry conditions, demand and customer shifts, competitive landscape, supply chain, cost and regulatory factors, 3-5 year scenarios, opportunities and risks, and actionable recommendations for companies.",https://eureka.patsnap.com/ai-search/sess_ac69b184a02f4689?from=rd-home&start_from=eureka_landingpage,https://eureka.patsnap.com/share/?id=dc3fedd113e2310b17d91d1e6efcff44&from=invite-eureakplg-result&content=,"2026-2030 Chemical Industry Outlook: Cycle Recovery, Margin Divergence, and Asset Re-Rating","[""industry_outlook""]","[""chemical industry outlook"", ""cycle recovery"", ""margin divergence"", ""asset valuation"", ""portfolio strategy""]","Forecast chemical industry cycle recovery and margin divergence based on demand recovery, feedstock prices, capacity absorption, downstream mix, and capital expenditure.",innovation_product_strategy,chemical,"[""technology_competitors"", ""innovation_opportunities"", ""rd_directions""]",2026-09-09,[]
"Chemical Companies Are Shifting from Scale Expansion to Higher Value, Lower Carbon, and Customer Lock-In","Write an industry-level trend outlook report in English based on 'Chemical Companies Are Shifting from Scale Expansion to Higher Value, Lower Carbon, and Customer Lock-In'. Avoid in-depth explanations of specific technical mechanisms. Category: market_landscape. Audience role: innovation_product_strategy. Industry: chemical. Jobs to be done: track_technologies_and_competitors,identify_innovation_opportunities,evaluate_r_and_d_directions. Keywords: specialty chemicals, value-added portfolio, low-carbon transition, customer intimacy, pricing power. Overview: Analyze how chemical companies can improve pricing resilience and long-term competitiveness through portfolio upgrades, customer co-development, and low-carbon certification. The report must cover current industry conditions, demand and customer shifts, competitive landscape, supply chain, cost and regulatory factors, 3-5 year scenarios, opportunities and risks, and actionable recommendations for companies.",https://eureka.patsnap.com/ai-search/sess_7f4ee743fd77460f?from=rd-home&start_from=eureka_landingpage,https://eureka.patsnap.com/share/?id=6216efa29cc04c59428c3801f63177fd&from=invite-eureakplg-result&content=,"Chemical Companies Are Shifting from Scale Expansion to Higher Value, Lower Carbon, and Customer Lock-In","[""market_landscape""]","[""specialty chemicals"", ""value-added portfolio"", ""low-carbon transition"", ""customer intimacy"", ""pricing power""]","Analyze how chemical companies can improve pricing resilience and long-term competitiveness through portfolio upgrades, customer co-development, and low-carbon certification.",innovation_product_strategy,chemical,"[""technology_competitors"", ""innovation_opportunities"", ""rd_directions""]",2026-09-09,[]
Regional Opportunities and Risk Planning as Global Chemical Supply Chains Rebalance,"Write an industry-level trend outlook report in English based on 'Regional Opportunities and Risk Planning as Global Chemical Supply Chains Rebalance'. Avoid in-depth explanations of specific technical mechanisms. Category: scenario_planning. Audience role: innovation_product_strategy. Industry: chemical. Jobs to be done: track_technologies_and_competitors,identify_innovation_opportunities,evaluate_r_and_d_directions. Keywords: chemical supply chain, regionalization, feedstock advantage, trade risk, resilience. Overview: Evaluate how regional capacity, feedstock advantage, trade barriers, and end-market demand changes affect global footprint strategy and risk planning for chemical companies. The report must cover current industry conditions, demand and customer shifts, competitive landscape, supply chain, cost and regulatory factors, 3-5 year scenarios, opportunities and risks, and actionable recommendations for companies.",https://eureka.patsnap.com/ai-search/sess_21a82353d7b24731?from=rd-home&start_from=eureka_landingpage,https://eureka.patsnap.com/share/?id=023e515340d86be21ba6f9744771ec25&from=invite-eureakplg-result&content=,Regional Opportunities and Risk Planning as Global Chemical Supply Chains Rebalance,"[""scenario_planning""]","[""chemical supply chain"", ""regionalization"", ""feedstock advantage"", ""trade risk"", ""resilience""]","Evaluate how regional capacity, feedstock advantage, trade barriers, and end-market demand changes affect global footprint strategy and risk planning for chemical companies.",innovation_product_strategy,chemical,"[""technology_competitors"", ""innovation_opportunities"", ""rd_directions""]",2026-09-09,[]
2026-2030 Construction Industry Outlook: Demand Divergence and Project Delivery Models,"Write an industry-level trend outlook report in English based on '2026-2030 Construction Industry Outlook: Demand Divergence and Project Delivery Models'. Avoid in-depth explanations of specific technical mechanisms. Category: industry_outlook. Audience role: innovation_product_strategy. Industry: construction. Jobs to be done: track_technologies_and_competitors,identify_innovation_opportunities,evaluate_r_and_d_directions. Keywords: construction outlook, demand divergence, project delivery, infrastructure, commercial real estate. Overview: Forecast construction demand divergence and delivery model shifts across infrastructure, manufacturing facilities, commercial real estate, public buildings, and financing conditions. The report must cover current industry conditions, demand and customer shifts, competitive landscape, supply chain, cost and regulatory factors, 3-5 year scenarios, opportunities and risks, and actionable recommendations for companies.",https://eureka.patsnap.com/ai-search/sess_86e55091b6744cb5?from=rd-home&start_from=eureka_landingpage,https://eureka.patsnap.com/share/?id=c241629a1bcc6c9a906d020c2a0381ad&from=invite-eureakplg-result&content=,2026-2030 Construction Industry Outlook: Demand Divergence and Project Delivery Models,"[""industry_outlook""]","[""construction outlook"", ""demand divergence"", ""project delivery"", ""infrastructure"", ""commercial real estate""]","Forecast construction demand divergence and delivery model shifts across infrastructure, manufacturing facilities, commercial real estate, public buildings, and financing conditions.",innovation_product_strategy,construction,"[""technology_competitors"", ""innovation_opportunities"", ""rd_directions""]",2026-09-09,[]
"Construction Firms Are Moving from Contracting to Lifecycle Cost, Compliance, and Efficiency Management","Write an industry-level trend outlook report in English based on 'Construction Firms Are Moving from Contracting to Lifecycle Cost, Compliance, and Efficiency Management'. Avoid in-depth explanations of specific technical mechanisms. Category: market_landscape. Audience role: innovation_product_strategy. Industry: construction. Jobs to be done: track_technologies_and_competitors,identify_innovation_opportunities,evaluate_r_and_d_directions. Keywords: lifecycle cost, compliance, construction productivity, project risk, owner value. Overview: Analyze how owner expectations for lifecycle cost, schedule certainty, compliance, and operational efficiency are changing competitive models for construction firms. The report must cover current industry conditions, demand and customer shifts, competitive landscape, supply chain, cost and regulatory factors, 3-5 year scenarios, opportunities and risks, and actionable recommendations for companies.",https://eureka.patsnap.com/ai-search/sess_5f2405e0e1a94352?from=rd-home&start_from=eureka_landingpage,https://eureka.patsnap.com/share/?id=ba8182319df1000014cb1bd95f6c999b&from=invite-eureakplg-result&content=,"Construction Firms Are Moving from Contracting to Lifecycle Cost, Compliance, and Efficiency Management","[""market_landscape""]","[""lifecycle cost"", ""compliance"", ""construction productivity"", ""project risk"", ""owner value""]","Analyze how owner expectations for lifecycle cost, schedule certainty, compliance, and operational efficiency are changing competitive models for construction firms.",innovation_product_strategy,construction,"[""technology_competitors"", ""innovation_opportunities"", ""rd_directions""]",2026-09-09,[]
"Market Opportunities in Green Buildings, Urban Renewal, and Resilient Infrastructure","Write an industry-level trend outlook report in English based on 'Market Opportunities in Green Buildings, Urban Renewal, and Resilient Infrastructure'. Avoid in-depth explanations of specific technical mechanisms. Category: opportunity_brief. Audience role: innovation_product_strategy. Industry: construction. Jobs to be done: track_technologies_and_competitors,identify_innovation_opportunities,evaluate_r_and_d_directions. Keywords: green building, urban renewal, resilient infrastructure, retrofit, public investment. Overview: Assess investment opportunities and implementation constraints in green buildings, retrofit projects, urban renewal, and resilient infrastructure over the next several years. The report must cover current industry conditions, demand and customer shifts, competitive landscape, supply chain, cost and regulatory factors, 3-5 year scenarios, opportunities and risks, and actionable recommendations for companies.",https://eureka.patsnap.com/ai-search/sess_93f7d8d0a9a444db?from=rd-home&start_from=eureka_landingpage,https://eureka.patsnap.com/share/?id=fd5b4a5c37806a6f4a582c0cf254e8b9&from=invite-eureakplg-result&content=,"Market Opportunities in Green Buildings, Urban Renewal, and Resilient Infrastructure","[""opportunity_brief""]","[""green building"", ""urban renewal"", ""resilient infrastructure"", ""retrofit"", ""public investment""]","Assess investment opportunities and implementation constraints in green buildings, retrofit projects, urban renewal, and resilient infrastructure over the next several years.",innovation_product_strategy,construction,"[""technology_competitors"", ""innovation_opportunities"", ""rd_directions""]",2026-09-09,[]
"2026-2030 Electronics Manufacturing Outlook: Recovery, AI Hardware, and Structural Divergence","Write an industry-level trend outlook report in English based on '2026-2030 Electronics Manufacturing Outlook: Recovery, AI Hardware, and Structural Divergence'. Avoid in-depth explanations of specific technical mechanisms. Category: industry_outlook. Audience role: innovation_product_strategy. Industry: electronics_manufacturing. Jobs to be done: track_technologies_and_competitors,identify_innovation_opportunities,evaluate_r_and_d_directions. Keywords: electronics manufacturing, semiconductor cycle, AI hardware, capacity planning, demand recovery. Overview: Forecast the recovery path and structural divergence in electronics manufacturing based on AI hardware, consumer device replacement, industrial electronics, and capacity investment cycles. The report must cover current industry conditions, demand and customer shifts, competitive landscape, supply chain, cost and regulatory factors, 3-5 year scenarios, opportunities and risks, and actionable recommendations for companies.",https://eureka.patsnap.com/ai-search/sess_755f2ce33c2e4f78?from=rd-home&start_from=eureka_landingpage,https://eureka.patsnap.com/share/?id=64703eed02530c2cb88d66bd8266d885&from=invite-eureakplg-result&content=,"2026-2030 Electronics Manufacturing Outlook: Recovery, AI Hardware, and Structural Divergence","[""industry_outlook""]","[""electronics manufacturing"", ""semiconductor cycle"", ""AI hardware"", ""capacity planning"", ""demand recovery""]","Forecast the recovery path and structural divergence in electronics manufacturing based on AI hardware, consumer device replacement, industrial electronics, and capacity investment cycles.",innovation_product_strategy,electronics_manufacturing,"[""technology_competitors"", ""innovation_opportunities"", ""rd_directions""]",2026-09-09,[]
"Electronics Supply Chains Are Shifting from Cost Efficiency to Resilience, Compliance, and Speed","Write an industry-level trend outlook report in English based on 'Electronics Supply Chains Are Shifting from Cost Efficiency to Resilience, Compliance, and Speed'. Avoid in-depth explanations of specific technical mechanisms. Category: market_landscape. Audience role: innovation_product_strategy. Industry: electronics_manufacturing. Jobs to be done: track_technologies_and_competitors,identify_innovation_opportunities,evaluate_r_and_d_directions. Keywords: supply chain resilience, compliance, nearshoring, delivery speed, manufacturing strategy. Overview: Analyze how customer requirements for delivery certainty, geopolitical compliance, and flexible capacity are changing location strategy, inventory policy, and collaboration models in electronics manufacturing. The report must cover current industry conditions, demand and customer shifts, competitive landscape, supply chain, cost and regulatory factors, 3-5 year scenarios, opportunities and risks, and actionable recommendations for companies.",https://eureka.patsnap.com/ai-search/sess_28decd6b0f364386?from=rd-home&start_from=eureka_landingpage,https://eureka.patsnap.com/share/?id=83cec289f1c59bb2c2beb620d5e7d000&from=invite-eureakplg-result&content=,"Electronics Supply Chains Are Shifting from Cost Efficiency to Resilience, Compliance, and Speed","[""market_landscape""]","[""supply chain resilience"", ""compliance"", ""nearshoring"", ""delivery speed"", ""manufacturing strategy""]","Analyze how customer requirements for delivery certainty, geopolitical compliance, and flexible capacity are changing location strategy, inventory policy, and collaboration models in electronics manufacturing.",innovation_product_strategy,electronics_manufacturing,"[""technology_competitors"", ""innovation_opportunities"", ""rd_directions""]",2026-09-09,[]
How AI Devices Are Changing Customer Mix and Order Quality for Electronics Manufacturers,"Write an industry-level trend outlook report in English based on 'How AI Devices Are Changing Customer Mix and Order Quality for Electronics Manufacturers'. Avoid in-depth explanations of specific technical mechanisms. Category: opportunity_brief. Audience role: innovation_product_strategy. Industry: electronics_manufacturing. Jobs to be done: track_technologies_and_competitors,identify_innovation_opportunities,evaluate_r_and_d_directions. Keywords: AI devices, order quality, customer mix, ODM, EMS. Overview: Assess how demand for AI PCs, smart devices, servers, and edge hardware may affect customer mix, margin structure, and capacity utilization for ODM and EMS companies. The report must cover current industry conditions, demand and customer shifts, competitive landscape, supply chain, cost and regulatory factors, 3-5 year scenarios, opportunities and risks, and actionable recommendations for companies.",https://eureka.patsnap.com/ai-search/sess_2a77fc72bde143a4?from=rd-home&start_from=eureka_landingpage,https://eureka.patsnap.com/share/?id=a3862e88e31754957b31e85d49347d1a&from=invite-eureakplg-result&content=,How AI Devices Are Changing Customer Mix and Order Quality for Electronics Manufacturers,"[""opportunity_brief""]","[""AI devices"", ""order quality"", ""customer mix"", ""ODM"", ""EMS""]","Assess how demand for AI PCs, smart devices, servers, and edge hardware may affect customer mix, margin structure, and capacity utilization for ODM and EMS companies.",innovation_product_strategy,electronics_manufacturing,"[""technology_competitors"", ""innovation_opportunities"", ""rd_directions""]",2026-09-09,[]
"2026-2030 Energy Industry Outlook: Transition Speed, Cost Curves, and Competitive Boundaries","Write an industry-level trend outlook report in English based on '2026-2030 Energy Industry Outlook: Transition Speed, Cost Curves, and Competitive Boundaries'. Avoid in-depth explanations of specific technical mechanisms. Category: industry_outlook. Audience role: innovation_product_strategy. Industry: energy. Jobs to be done: track_technologies_and_competitors,identify_innovation_opportunities,evaluate_r_and_d_directions. Keywords: energy transition, cost curve, power demand, grid investment, industrial competitiveness. Overview: Forecast the pace and competitive boundaries of the energy transition based on power demand, energy security, storage costs, grid investment, and policy timing. The report must cover current industry conditions, demand and customer shifts, competitive landscape, supply chain, cost and regulatory factors, 3-5 year scenarios, opportunities and risks, and actionable recommendations for companies.",https://eureka.patsnap.com/ai-search/sess_c0f5bd399c784097?from=rd-home&start_from=eureka_landingpage,https://eureka.patsnap.com/share/?id=6365d44d00c423e400713ff6487ad2b7&from=invite-eureakplg-result&content=,"2026-2030 Energy Industry Outlook: Transition Speed, Cost Curves, and Competitive Boundaries","[""industry_outlook""]","[""energy transition"", ""cost curve"", ""power demand"", ""grid investment"", ""industrial competitiveness""]","Forecast the pace and competitive boundaries of the energy transition based on power demand, energy security, storage costs, grid investment, and policy timing.",innovation_product_strategy,energy,"[""technology_competitors"", ""innovation_opportunities"", ""rd_directions""]",2026-09-09,[]
"Energy Companies Are Becoming Operators of Power, Flexibility, and Customer Services","Write an industry-level trend outlook report in English based on 'Energy Companies Are Becoming Operators of Power, Flexibility, and Customer Services'. Avoid in-depth explanations of specific technical mechanisms. Category: market_landscape. Audience role: innovation_product_strategy. Industry: energy. Jobs to be done: track_technologies_and_competitors,identify_innovation_opportunities,evaluate_r_and_d_directions. Keywords: energy business model, flexibility services, customer operations, power markets, asset portfolio. Overview: Analyze how energy companies are moving from single-resource or generation-asset businesses toward power portfolios, flexibility services, and customer-side energy management. The report must cover current industry conditions, demand and customer shifts, competitive landscape, supply chain, cost and regulatory factors, 3-5 year scenarios, opportunities and risks, and actionable recommendations for companies.",https://eureka.patsnap.com/ai-search/sess_bb7eecdccf774674?from=rd-home&start_from=eureka_landingpage,https://eureka.patsnap.com/share/?id=875a2e33002f6af6006ead6245146426&from=invite-eureakplg-result&content=,"Energy Companies Are Becoming Operators of Power, Flexibility, and Customer Services","[""market_landscape""]","[""energy business model"", ""flexibility services"", ""customer operations"", ""power markets"", ""asset portfolio""]","Analyze how energy companies are moving from single-resource or generation-asset businesses toward power portfolios, flexibility services, and customer-side energy management.",innovation_product_strategy,energy,"[""technology_competitors"", ""innovation_opportunities"", ""rd_directions""]",2026-09-09,[]
"AI Data Centers, Electrification, and Industrial Decarbonization Are Reshaping Energy Demand","Write an industry-level trend outlook report in English based on 'AI Data Centers, Electrification, and Industrial Decarbonization Are Reshaping Energy Demand'. Avoid in-depth explanations of specific technical mechanisms. Category: scenario_planning. Audience role: innovation_product_strategy. Industry: energy. Jobs to be done: track_technologies_and_competitors,identify_innovation_opportunities,evaluate_r_and_d_directions. Keywords: AI data centers, electrification, industrial decarbonization, energy demand, infrastructure. Overview: Assess how AI data centers, electrified transport, and industrial decarbonization may reshape regional energy demand growth, load curves, and infrastructure investment opportunities. The report must cover current industry conditions, demand and customer shifts, competitive landscape, supply chain, cost and regulatory factors, 3-5 year scenarios, opportunities and risks, and actionable recommendations for companies.",https://eureka.patsnap.com/ai-search/sess_67a8b03adf5c48be?from=rd-home&start_from=eureka_landingpage,https://eureka.patsnap.com/share/?id=f7ed111b114854bff3dfe06bff134dc6&from=invite-eureakplg-result&content=,"AI Data Centers, Electrification, and Industrial Decarbonization Are Reshaping Energy Demand","[""scenario_planning""]","[""AI data centers"", ""electrification"", ""industrial decarbonization"", ""energy demand"", ""infrastructure""]","Assess how AI data centers, electrified transport, and industrial decarbonization may reshape regional energy demand growth, load curves, and infrastructure investment opportunities.",innovation_product_strategy,energy,"[""technology_competitors"", ""innovation_opportunities"", ""rd_directions""]",2026-09-09,[]
2026-2030 Engineering and Industrial Equipment Outlook: Investment Cycles and Demand Focus,"Write an industry-level trend outlook report in English based on '2026-2030 Engineering and Industrial Equipment Outlook: Investment Cycles and Demand Focus'. Avoid in-depth explanations of specific technical mechanisms. Category: industry_outlook. Audience role: innovation_product_strategy. Industry: engineering. Jobs to be done: track_technologies_and_competitors,identify_innovation_opportunities,evaluate_r_and_d_directions. Keywords: industrial equipment, capex cycle, factory modernization, infrastructure, automation demand. Overview: Forecast demand priorities in engineering and industrial equipment based on manufacturing upgrades, infrastructure maintenance, automation investment, and energy efficiency needs. The report must cover current industry conditions, demand and customer shifts, competitive landscape, supply chain, cost and regulatory factors, 3-5 year scenarios, opportunities and risks, and actionable recommendations for companies.",https://eureka.patsnap.com/ai-search/sess_a93a147b5c284989?from=rd-home&start_from=eureka_landingpage,https://eureka.patsnap.com/share/?id=53cd6f4262cf6a4b9a121a39892ce313&from=invite-eureakplg-result&content=,2026-2030 Engineering and Industrial Equipment Outlook: Investment Cycles and Demand Focus,"[""industry_outlook""]","[""industrial equipment"", ""capex cycle"", ""factory modernization"", ""infrastructure"", ""automation demand""]","Forecast demand priorities in engineering and industrial equipment based on manufacturing upgrades, infrastructure maintenance, automation investment, and energy efficiency needs.",innovation_product_strategy,engineering,"[""technology_competitors"", ""innovation_opportunities"", ""rd_directions""]",2026-09-09,[]
"Industrial Customers Are Buying Capacity, Efficiency, and Reliability Instead of Equipment Alone","Write an industry-level trend outlook report in English based on 'Industrial Customers Are Buying Capacity, Efficiency, and Reliability Instead of Equipment Alone'. Avoid in-depth explanations of specific technical mechanisms. Category: market_landscape. Audience role: innovation_product_strategy. Industry: engineering. Jobs to be done: track_technologies_and_competitors,identify_innovation_opportunities,evaluate_r_and_d_directions. Keywords: outcome-based selling, equipment lifecycle, service revenue, reliability, industrial operations. Overview: Analyze how industrial equipment companies are moving from equipment delivery toward lifecycle service models focused on capacity, efficiency, and reliability outcomes. The report must cover current industry conditions, demand and customer shifts, competitive landscape, supply chain, cost and regulatory factors, 3-5 year scenarios, opportunities and risks, and actionable recommendations for companies.",https://eureka.patsnap.com/ai-search/sess_881817eea80a47e9?from=rd-home&start_from=eureka_landingpage,https://eureka.patsnap.com/share/?id=2dd9559f362b626b5ed1191504ecff59&from=invite-eureakplg-result&content=,"Industrial Customers Are Buying Capacity, Efficiency, and Reliability Instead of Equipment Alone","[""market_landscape""]","[""outcome-based selling"", ""equipment lifecycle"", ""service revenue"", ""reliability"", ""industrial operations""]","Analyze how industrial equipment companies are moving from equipment delivery toward lifecycle service models focused on capacity, efficiency, and reliability outcomes.",innovation_product_strategy,engineering,"[""technology_competitors"", ""innovation_opportunities"", ""rd_directions""]",2026-09-09,[]
Regional Opportunities and Competitive Barriers for Engineering Firms in Global Manufacturing Realignment,"Write an industry-level trend outlook report in English based on 'Regional Opportunities and Competitive Barriers for Engineering Firms in Global Manufacturing Realignment'. Avoid in-depth explanations of specific technical mechanisms. Category: scenario_planning. Audience role: innovation_product_strategy. Industry: engineering. Jobs to be done: track_technologies_and_competitors,identify_innovation_opportunities,evaluate_r_and_d_directions. Keywords: manufacturing relocation, regional opportunity, industrial policy, project delivery, competition. Overview: Evaluate how manufacturing relocation, industrial policy, and local engineering service capabilities are changing project opportunities and competitive barriers for engineering firms. The report must cover current industry conditions, demand and customer shifts, competitive landscape, supply chain, cost and regulatory factors, 3-5 year scenarios, opportunities and risks, and actionable recommendations for companies.",https://eureka.patsnap.com/ai-search/sess_b3fc0f8176844ffe?from=rd-home&start_from=eureka_landingpage,https://eureka.patsnap.com/share/?id=3f09843ed88f2504ec8f55f09c0ca848&from=invite-eureakplg-result&content=,Regional Opportunities and Competitive Barriers for Engineering Firms in Global Manufacturing Realignment,"[""scenario_planning""]","[""manufacturing relocation"", ""regional opportunity"", ""industrial policy"", ""project delivery"", ""competition""]","Evaluate how manufacturing relocation, industrial policy, and local engineering service capabilities are changing project opportunities and competitive barriers for engineering firms.",innovation_product_strategy,engineering,"[""technology_competitors"", ""innovation_opportunities"", ""rd_directions""]",2026-09-09,[]
"2026-2030 Farming Production Outlook: Climate, Cost, and Yield Pressure","Write an industry-level trend outlook report in English based on '2026-2030 Farming Production Outlook: Climate, Cost, and Yield Pressure'. Avoid in-depth explanations of specific technical mechanisms. Category: industry_outlook. Audience role: innovation_product_strategy. Industry: farming_production. Jobs to be done: track_technologies_and_competitors,identify_innovation_opportunities,evaluate_r_and_d_directions. Keywords: agriculture outlook, climate resilience, input cost, yield pressure, farm economics. Overview: Forecast transformation priorities in farming production based on climate uncertainty, input costs, food security, and farm economics. The report must cover current industry conditions, demand and customer shifts, competitive landscape, supply chain, cost and regulatory factors, 3-5 year scenarios, opportunities and risks, and actionable recommendations for companies.",https://eureka.patsnap.com/ai-search/sess_0467c53e0329469e?from=rd-home&start_from=eureka_landingpage,https://eureka.patsnap.com/share/?id=e96b56a54796bdb9456ee97f46603d19&from=invite-eureakplg-result&content=,"2026-2030 Farming Production Outlook: Climate, Cost, and Yield Pressure","[""industry_outlook""]","[""agriculture outlook"", ""climate resilience"", ""input cost"", ""yield pressure"", ""farm economics""]","Forecast transformation priorities in farming production based on climate uncertainty, input costs, food security, and farm economics.",innovation_product_strategy,food_farming_production,"[""technology_competitors"", ""innovation_opportunities"", ""rd_directions""]",2026-09-09,[]
Agricultural Input and Service Providers Are Moving Toward Yield Stability and Farm Profit Solutions,"Write an industry-level trend outlook report in English based on 'Agricultural Input and Service Providers Are Moving Toward Yield Stability and Farm Profit Solutions'. Avoid in-depth explanations of specific technical mechanisms. Category: market_landscape. Audience role: innovation_product_strategy. Industry: farming_production. Jobs to be done: track_technologies_and_competitors,identify_innovation_opportunities,evaluate_r_and_d_directions. Keywords: agri inputs, farm services, yield stability, solution selling, channel model. Overview: Analyze how agri-input, machinery, and farm service companies are reshaping customer value propositions around yield stability, cost reduction, and risk management. The report must cover current industry conditions, demand and customer shifts, competitive landscape, supply chain, cost and regulatory factors, 3-5 year scenarios, opportunities and risks, and actionable recommendations for companies.",https://eureka.patsnap.com/ai-search/sess_577ec80ad5a4446e?from=rd-home&start_from=eureka_landingpage,https://eureka.patsnap.com/share/?id=820dd893a46904dac3901d68b009b613&from=invite-eureakplg-result&content=,Agricultural Input and Service Providers Are Moving Toward Yield Stability and Farm Profit Solutions,"[""market_landscape""]","[""agri inputs"", ""farm services"", ""yield stability"", ""solution selling"", ""channel model""]","Analyze how agri-input, machinery, and farm service companies are reshaping customer value propositions around yield stability, cost reduction, and risk management.",innovation_product_strategy,food_farming_production,"[""technology_competitors"", ""innovation_opportunities"", ""rd_directions""]",2026-09-09,[]
Farm Modernization and Scaled Operations as Opportunities for Agricultural Service Platforms,"Write an industry-level trend outlook report in English based on 'Farm Modernization and Scaled Operations as Opportunities for Agricultural Service Platforms'. Avoid in-depth explanations of specific technical mechanisms. Category: opportunity_brief. Audience role: innovation_product_strategy. Industry: farming_production. Jobs to be done: track_technologies_and_competitors,identify_innovation_opportunities,evaluate_r_and_d_directions. Keywords: farm modernization, scale farming, service platform, rural infrastructure, market access. Overview: Assess how scaled farming, rural infrastructure, agricultural distribution, and policy support may create opportunities for service platforms and industry consolidation. The report must cover current industry conditions, demand and customer shifts, competitive landscape, supply chain, cost and regulatory factors, 3-5 year scenarios, opportunities and risks, and actionable recommendations for companies.",https://eureka.patsnap.com/ai-search/sess_e89d8349323d447d?from=rd-home&start_from=eureka_landingpage,https://eureka.patsnap.com/share/?id=51f2a9ed3eff5c449327d65c5c422da6&from=invite-eureakplg-result&content=,Farm Modernization and Scaled Operations as Opportunities for Agricultural Service Platforms,"[""opportunity_brief""]","[""farm modernization"", ""scale farming"", ""service platform"", ""rural infrastructure"", ""market access""]","Assess how scaled farming, rural infrastructure, agricultural distribution, and policy support may create opportunities for service platforms and industry consolidation.",innovation_product_strategy,food_farming_production,"[""technology_competitors"", ""innovation_opportunities"", ""rd_directions""]",2026-09-09,[]
"2026-2030 Food Industry Outlook: Consumer Segmentation, Health, and Value Rebuilding","Write an industry-level trend outlook report in English based on '2026-2030 Food Industry Outlook: Consumer Segmentation, Health, and Value Rebuilding'. Avoid in-depth explanations of specific technical mechanisms. Category: industry_outlook. Audience role: innovation_product_strategy. Industry: food. Jobs to be done: track_technologies_and_competitors,identify_innovation_opportunities,evaluate_r_and_d_directions. Keywords: food industry outlook, consumer segmentation, health and wellness, value proposition, premiumization. Overview: Forecast growth categories and value rebuilding in the food industry based on consumer segmentation, health demand, price sensitivity, and channel shifts. The report must cover current industry conditions, demand and customer shifts, competitive landscape, supply chain, cost and regulatory factors, 3-5 year scenarios, opportunities and risks, and actionable recommendations for companies.",https://eureka.patsnap.com/ai-search/sess_2de60aa276ff4e2a?from=rd-home&start_from=eureka_landingpage,https://eureka.patsnap.com/share/?id=a52d368c5e13d07a6552b8c3ec443df1&from=invite-eureakplg-result&content=,"2026-2030 Food Industry Outlook: Consumer Segmentation, Health, and Value Rebuilding","[""industry_outlook""]","[""food industry outlook"", ""consumer segmentation"", ""health and wellness"", ""value proposition"", ""premiumization""]","Forecast growth categories and value rebuilding in the food industry based on consumer segmentation, health demand, price sensitivity, and channel shifts.",innovation_product_strategy,food_farming_production,"[""technology_competitors"", ""innovation_opportunities"", ""rd_directions""]",2026-09-09,[]
"Food Companies Are Competing on Occasions, Trust, and Supply Chain Narratives","Write an industry-level trend outlook report in English based on 'Food Companies Are Competing on Occasions, Trust, and Supply Chain Narratives'. Avoid in-depth explanations of specific technical mechanisms. Category: market_landscape. Audience role: innovation_product_strategy. Industry: food. Jobs to be done: track_technologies_and_competitors,identify_innovation_opportunities,evaluate_r_and_d_directions. Keywords: food branding, trust, supply chain story, occasion-based consumption, consumer insight. Overview: Analyze how food companies can differentiate through consumption occasions, ingredient transparency, origin trust, and sustainability narratives. The report must cover current industry conditions, demand and customer shifts, competitive landscape, supply chain, cost and regulatory factors, 3-5 year scenarios, opportunities and risks, and actionable recommendations for companies.",https://eureka.patsnap.com/ai-search/sess_6b71f9a8536c429f?from=rd-home&start_from=eureka_landingpage,https://eureka.patsnap.com/share/?id=219c84417dbe26595014d7be45000b0e&from=invite-eureakplg-result&content=,"Food Companies Are Competing on Occasions, Trust, and Supply Chain Narratives","[""market_landscape""]","[""food branding"", ""trust"", ""supply chain story"", ""occasion-based consumption"", ""consumer insight""]","Analyze how food companies can differentiate through consumption occasions, ingredient transparency, origin trust, and sustainability narratives.",innovation_product_strategy,food_farming_production,"[""technology_competitors"", ""innovation_opportunities"", ""rd_directions""]",2026-09-09,[]
"Reassessing Market Opportunities in Alternative Protein, Functional Foods, and Localized Taste","Write an industry-level trend outlook report in English based on 'Reassessing Market Opportunities in Alternative Protein, Functional Foods, and Localized Taste'. Avoid in-depth explanations of specific technical mechanisms. Category: scenario_planning. Audience role: innovation_product_strategy. Industry: food. Jobs to be done: track_technologies_and_competitors,identify_innovation_opportunities,evaluate_r_and_d_directions. Keywords: alternative protein, functional food, local taste, category growth, consumer adoption. Overview: Evaluate market entry timing and opportunity boundaries for emerging food categories based on consumer adoption, price bands, channel education, and regional taste preferences. The report must cover current industry conditions, demand and customer shifts, competitive landscape, supply chain, cost and regulatory factors, 3-5 year scenarios, opportunities and risks, and actionable recommendations for companies.",https://eureka.patsnap.com/ai-search/sess_ddcd643697e644d9?from=rd-home&start_from=eureka_landingpage,https://eureka.patsnap.com/share/?id=9b03293f916ba36558fbdae58498ddfd&from=invite-eureakplg-result&content=,"Reassessing Market Opportunities in Alternative Protein, Functional Foods, and Localized Taste","[""scenario_planning""]","[""alternative protein"", ""functional food"", ""local taste"", ""category growth"", ""consumer adoption""]","Evaluate market entry timing and opportunity boundaries for emerging food categories based on consumer adoption, price bands, channel education, and regional taste preferences.",innovation_product_strategy,food_farming_production,"[""technology_competitors"", ""innovation_opportunities"", ""rd_directions""]",2026-09-09,[]
2026-2030 Advanced Materials Outlook: Demand Migration and High-Value Applications,"Write an industry-level trend outlook report in English based on '2026-2030 Advanced Materials Outlook: Demand Migration and High-Value Applications'. Avoid in-depth explanations of specific technical mechanisms. Category: industry_outlook. Audience role: innovation_product_strategy. Industry: materials. Jobs to be done: track_technologies_and_competitors,identify_innovation_opportunities,evaluate_r_and_d_directions. Keywords: advanced materials, demand migration, high-value applications, supply chain, industrial upgrade. Overview: Forecast how demand from energy, semiconductors, automotive, consumer electronics, and infrastructure will shift the value map and competitive focus of the advanced materials industry. The report must cover current industry conditions, demand and customer shifts, competitive landscape, supply chain, cost and regulatory factors, 3-5 year scenarios, opportunities and risks, and actionable recommendations for companies.",https://eureka.patsnap.com/ai-search/sess_c4eced17931a4b76?from=rd-home&start_from=eureka_landingpage,https://eureka.patsnap.com/share/?id=51b2245586e8d045e3b8e61b338955ae&from=invite-eureakplg-result&content=,2026-2030 Advanced Materials Outlook: Demand Migration and High-Value Applications,"[""industry_outlook""]","[""advanced materials"", ""demand migration"", ""high-value applications"", ""supply chain"", ""industrial upgrade""]","Forecast how demand from energy, semiconductors, automotive, consumer electronics, and infrastructure will shift the value map and competitive focus of the advanced materials industry.",innovation_product_strategy,materials,"[""technology_competitors"", ""innovation_opportunities"", ""rd_directions""]",2026-09-09,[]
Supply Security and Customer Co-Development as New Sources of Advantage in Materials,"Write an industry-level trend outlook report in English based on 'Supply Security and Customer Co-Development as New Sources of Advantage in Materials'. Avoid in-depth explanations of specific technical mechanisms. Category: market_landscape. Audience role: innovation_product_strategy. Industry: materials. Jobs to be done: track_technologies_and_competitors,identify_innovation_opportunities,evaluate_r_and_d_directions. Keywords: supply security, customer co-development, qualification cycle, resilience, margin structure. Overview: Analyze how supply stability, qualification cycles, and customer co-development are changing bargaining power, R&D investment, and commercialization timing for materials companies. The report must cover current industry conditions, demand and customer shifts, competitive landscape, supply chain, cost and regulatory factors, 3-5 year scenarios, opportunities and risks, and actionable recommendations for companies.",https://eureka.patsnap.com/ai-search/sess_8ed9e41a5d1342d1?from=rd-home&start_from=eureka_landingpage,https://eureka.patsnap.com/share/?id=b69bcc787eba45c8068a0611c14838bb&from=invite-eureakplg-result&content=,Supply Security and Customer Co-Development as New Sources of Advantage in Materials,"[""market_landscape""]","[""supply security"", ""customer co-development"", ""qualification cycle"", ""resilience"", ""margin structure""]","Analyze how supply stability, qualification cycles, and customer co-development are changing bargaining power, R&D investment, and commercialization timing for materials companies.",innovation_product_strategy,materials,"[""technology_competitors"", ""innovation_opportunities"", ""rd_directions""]",2026-09-09,[]
"Low-Carbon Transition in Materials: Cost, Certification, and Premium Market Opportunities","Write an industry-level trend outlook report in English based on 'Low-Carbon Transition in Materials: Cost, Certification, and Premium Market Opportunities'. Avoid in-depth explanations of specific technical mechanisms. Category: scenario_planning. Audience role: innovation_product_strategy. Industry: materials. Jobs to be done: track_technologies_and_competitors,identify_innovation_opportunities,evaluate_r_and_d_directions. Keywords: low-carbon materials, certification, carbon footprint, premium market, procurement. Overview: Evaluate how low-carbon procurement, product carbon footprints, and green certification may reshape order structure, cost pass-through, and premium positioning in materials markets. The report must cover current industry conditions, demand and customer shifts, competitive landscape, supply chain, cost and regulatory factors, 3-5 year scenarios, opportunities and risks, and actionable recommendations for companies.",https://eureka.patsnap.com/ai-search/sess_770abbf8045f4abb?from=rd-home&start_from=eureka_landingpage,https://eureka.patsnap.com/share/?id=892f6151e48758b20ccdd343b725213b&from=invite-eureakplg-result&content=,"Low-Carbon Transition in Materials: Cost, Certification, and Premium Market Opportunities","[""scenario_planning""]","[""low-carbon materials"", ""certification"", ""carbon footprint"", ""premium market"", ""procurement""]","Evaluate how low-carbon procurement, product carbon footprints, and green certification may reshape order structure, cost pass-through, and premium positioning in materials markets.",innovation_product_strategy,materials,"[""technology_competitors"", ""innovation_opportunities"", ""rd_directions""]",2026-09-09,[]
2026-2030 Medical Devices Outlook: Growth Drivers and Competitive Reset,"Write an industry-level trend outlook report in English based on '2026-2030 Medical Devices Outlook: Growth Drivers and Competitive Reset'. Avoid in-depth explanations of specific technical mechanisms. Category: industry_outlook. Audience role: innovation_product_strategy. Industry: medical_devices. Jobs to be done: track_technologies_and_competitors,identify_innovation_opportunities,evaluate_r_and_d_directions. Keywords: medtech outlook, market growth, care delivery, competition, commercial strategy. Overview: Forecast the growth drivers and competitive shifts in medical devices over the next three to five years, focusing on care delivery demand, hospital budgets, reimbursement pressure, regulation, and global competition. The report must cover current industry conditions, demand and customer shifts, competitive landscape, supply chain, cost and regulatory factors, 3-5 year scenarios, opportunities and risks, and actionable recommendations for companies.",https://eureka.patsnap.com/ai-search/sess_083067406b1c4932?from=rd-home&start_from=eureka_landingpage,https://eureka.patsnap.com/share/?id=b74b34858ea803c36cba415e979e1ca8&from=invite-eureakplg-result&content=,2026-2030 Medical Devices Outlook: Growth Drivers and Competitive Reset,"[""industry_outlook""]","[""medtech outlook"", ""market growth"", ""care delivery"", ""competition"", ""commercial strategy""]","Forecast the growth drivers and competitive shifts in medical devices over the next three to five years, focusing on care delivery demand, hospital budgets, reimbursement pressure, regulation, and global competition.",innovation_product_strategy,medical_devices,"[""technology_competitors"", ""innovation_opportunities"", ""rd_directions""]",2026-09-09,[]
From Standalone Devices to Platform Services: How MedTech Business Models Are Shifting,"Write an industry-level trend outlook report in English based on 'From Standalone Devices to Platform Services: How MedTech Business Models Are Shifting'. Avoid in-depth explanations of specific technical mechanisms. Category: market_landscape. Audience role: innovation_product_strategy. Industry: medical_devices. Jobs to be done: track_technologies_and_competitors,identify_innovation_opportunities,evaluate_r_and_d_directions. Keywords: platform strategy, service model, hospital workflow, installed base, customer retention. Overview: Analyze why medical device companies are moving from standalone hardware competition toward device, data, service, and workflow-based platform models, and what this means for portfolio and channel strategy. The report must cover current industry conditions, demand and customer shifts, competitive landscape, supply chain, cost and regulatory factors, 3-5 year scenarios, opportunities and risks, and actionable recommendations for companies.",https://eureka.patsnap.com/ai-search/sess_c7a7fa8b8f134e13?from=rd-home&start_from=eureka_landingpage,https://eureka.patsnap.com/share/?id=565c2104f00050133f1fe70e76adf822&from=invite-eureakplg-result&content=,From Standalone Devices to Platform Services: How MedTech Business Models Are Shifting,"[""market_landscape""]","[""platform strategy"", ""service model"", ""hospital workflow"", ""installed base"", ""customer retention""]","Analyze why medical device companies are moving from standalone hardware competition toward device, data, service, and workflow-based platform models, and what this means for portfolio and channel strategy.",innovation_product_strategy,medical_devices,"[""technology_competitors"", ""innovation_opportunities"", ""rd_directions""]",2026-09-09,[]
"Global Expansion, Compliance, and Localization: The Next Opportunity Window for MedTech","Write an industry-level trend outlook report in English based on 'Global Expansion, Compliance, and Localization: The Next Opportunity Window for MedTech'. Avoid in-depth explanations of specific technical mechanisms. Category: opportunity_brief. Audience role: innovation_product_strategy. Industry: medical_devices. Jobs to be done: track_technologies_and_competitors,identify_innovation_opportunities,evaluate_r_and_d_directions. Keywords: global expansion, regulatory pathway, localization, market access, emerging markets. Overview: Assess how market access, payment systems, clinical evidence requirements, and local supply chains are reshaping global expansion and localization opportunities for medical device companies. The report must cover current industry conditions, demand and customer shifts, competitive landscape, supply chain, cost and regulatory factors, 3-5 year scenarios, opportunities and risks, and actionable recommendations for companies.",https://eureka.patsnap.com/ai-search/sess_981c407db2ac4fd7?from=rd-home&start_from=eureka_landingpage,https://eureka.patsnap.com/share/?id=7eae4925555a0bc0add4e99fbea2af33&from=invite-eureakplg-result&content=,"Global Expansion, Compliance, and Localization: The Next Opportunity Window for MedTech","[""opportunity_brief""]","[""global expansion"", ""regulatory pathway"", ""localization"", ""market access"", ""emerging markets""]","Assess how market access, payment systems, clinical evidence requirements, and local supply chains are reshaping global expansion and localization opportunities for medical device companies.",innovation_product_strategy,medical_devices,"[""technology_competitors"", ""innovation_opportunities"", ""rd_directions""]",2026-09-09,[]
2026-2030 Outlook for General Consumer and Business Services: Demand Migration and Growth Signals,"Write an industry-level trend outlook report in English based on '2026-2030 Outlook for General Consumer and Business Services: Demand Migration and Growth Signals'. Avoid in-depth explanations of specific technical mechanisms. Category: industry_outlook. Audience role: innovation_product_strategy. Industry: other. Jobs to be done: track_technologies_and_competitors,identify_innovation_opportunities,evaluate_r_and_d_directions. Keywords: consumer products, business services, demand migration, channel shift, growth forecast. Overview: Forecast growth directions in general consumer and business services based on consumer segmentation, channel shifts, cost pressure, and enterprise productivity demand. The report must cover current industry conditions, demand and customer shifts, competitive landscape, supply chain, cost and regulatory factors, 3-5 year scenarios, opportunities and risks, and actionable recommendations for companies.",https://eureka.patsnap.com/ai-search/sess_ca3716a189ab4cca?from=rd-home&start_from=eureka_landingpage,https://eureka.patsnap.com/share/?id=30dad5f7687c0efc6c10767abc7dc974&from=invite-eureakplg-result&content=,2026-2030 Outlook for General Consumer and Business Services: Demand Migration and Growth Signals,"[""industry_outlook""]","[""consumer products"", ""business services"", ""demand migration"", ""channel shift"", ""growth forecast""]","Forecast growth directions in general consumer and business services based on consumer segmentation, channel shifts, cost pressure, and enterprise productivity demand.",innovation_product_strategy,other,"[""technology_competitors"", ""innovation_opportunities"", ""rd_directions""]",2026-09-09,[]
"Cross-Industry Shift from Product Competition to Experience, Channels, and Data-Driven Operations","Write an industry-level trend outlook report in English based on 'Cross-Industry Shift from Product Competition to Experience, Channels, and Data-Driven Operations'. Avoid in-depth explanations of specific technical mechanisms. Category: market_landscape. Audience role: innovation_product_strategy. Industry: other. Jobs to be done: track_technologies_and_competitors,identify_innovation_opportunities,evaluate_r_and_d_directions. Keywords: customer experience, channel strategy, data-driven operations, brand differentiation, retention. Overview: Analyze how companies across non-specific industries can build sustainable advantage through customer experience, channel efficiency, data-driven operations, and brand trust. The report must cover current industry conditions, demand and customer shifts, competitive landscape, supply chain, cost and regulatory factors, 3-5 year scenarios, opportunities and risks, and actionable recommendations for companies.",https://eureka.patsnap.com/ai-search/sess_7a0525e06a5446b8?from=rd-home&start_from=eureka_landingpage,https://eureka.patsnap.com/share/?id=c5acd0216b122df2ad7e2e20870d4dcd&from=invite-eureakplg-result&content=,"Cross-Industry Shift from Product Competition to Experience, Channels, and Data-Driven Operations","[""market_landscape""]","[""customer experience"", ""channel strategy"", ""data-driven operations"", ""brand differentiation"", ""retention""]","Analyze how companies across non-specific industries can build sustainable advantage through customer experience, channel efficiency, data-driven operations, and brand trust.",innovation_product_strategy,other,"[""technology_competitors"", ""innovation_opportunities"", ""rd_directions""]",2026-09-09,[]
"Cross-Industry Opportunity Scan: AI Agents, Automation, and Organizational Productivity","Write an industry-level trend outlook report in English based on 'Cross-Industry Opportunity Scan: AI Agents, Automation, and Organizational Productivity'. Avoid in-depth explanations of specific technical mechanisms. Category: opportunity_brief. Audience role: innovation_product_strategy. Industry: other. Jobs to be done: track_technologies_and_competitors,identify_innovation_opportunities,evaluate_r_and_d_directions. Keywords: AI agents, automation, productivity, business model, cross-industry opportunity. Overview: Assess cross-industry opportunities for AI agents and automation tools in knowledge work, customer service, operations management, and market research. The report must cover current industry conditions, demand and customer shifts, competitive landscape, supply chain, cost and regulatory factors, 3-5 year scenarios, opportunities and risks, and actionable recommendations for companies.",https://eureka.patsnap.com/ai-search/sess_d252e1c97c744cca?from=rd-home&start_from=eureka_landingpage,https://eureka.patsnap.com/share/?id=419f5e829a3db6865723863aa54a5280&from=invite-eureakplg-result&content=,"Cross-Industry Opportunity Scan: AI Agents, Automation, and Organizational Productivity","[""opportunity_brief""]","[""AI agents"", ""automation"", ""productivity"", ""business model"", ""cross-industry opportunity""]","Assess cross-industry opportunities for AI agents and automation tools in knowledge work, customer service, operations management, and market research.",innovation_product_strategy,other,"[""technology_competitors"", ""innovation_opportunities"", ""rd_directions""]",2026-09-09,[]
