case_index,title,industry,status,selected_at,used_at,last_run_at,session_url,share_url,isCompleted,completionStatus,completionError,error
12000,MedTech Demand in the Era of Capacity-Constrained Health Systems,medical_devices,used,2026-09-09T08:31:26.256069+00:00,2026-09-09T08:31:27.857749+00:00,2026-09-09T08:31:27.857749+00:00,https://eureka.patsnap.com/ai-search/sess_479eb1acef4b4b0b?from=rd-home&start_from=eureka_landingpage,https://eureka.patsnap.com/share/?id=89862e2321206193ebf66c501e990bb3&from=invite-eureakplg-result&content=,,,,
12001,The New MedTech Buyer: From Clinical Preference to Enterprise Value Committees,medical_devices,used,2026-09-09T08:31:27.860815+00:00,2026-09-09T08:31:29.655578+00:00,2026-09-09T08:31:29.655578+00:00,https://eureka.patsnap.com/ai-search/sess_33ed79c9cf6e49a5?from=rd-home&start_from=eureka_landingpage,https://eureka.patsnap.com/share/?id=c6b8ff2cf9efdfbdfb5b2a0c33d163ee&from=invite-eureakplg-result&content=,,,,
12002,"Home, Retail, and Ambulatory Care as the Next MedTech Growth Frontier",medical_devices,used,2026-09-09T08:31:29.658677+00:00,2026-09-09T08:31:33.528145+00:00,2026-09-09T08:31:33.528145+00:00,https://eureka.patsnap.com/ai-search/sess_40859240f56c4eb7?from=rd-home&start_from=eureka_landingpage,https://eureka.patsnap.com/share/?id=8175b69a9567feb635768b606cf00ec7&from=invite-eureakplg-result&content=,,,,
12003,"Cybersecurity, Software Maintenance, and Trust as MedTech Boardroom Issues",medical_devices,used,2026-09-09T08:31:33.531685+00:00,2026-09-09T08:31:40.315444+00:00,2026-09-09T08:31:40.315444+00:00,https://eureka.patsnap.com/ai-search/sess_4752a9238da04190?from=rd-home&start_from=eureka_landingpage,https://eureka.patsnap.com/share/?id=68972bdc67de3ce3ffbc27d7edfa4791&from=invite-eureakplg-result&content=,,,,
12004,"Global MedTech Localization: Market Access, Evidence, and Supply Footprint Choices",medical_devices,used,2026-09-09T08:31:40.318670+00:00,2026-09-09T08:31:41.735456+00:00,2026-09-09T08:31:41.735456+00:00,https://eureka.patsnap.com/ai-search/sess_7100894fd2774cb9?from=rd-home&start_from=eureka_landingpage,https://eureka.patsnap.com/share/?id=7c8b803ec5d9ea4edf9de36d44a6e3c5&from=invite-eureakplg-result&content=,,,,
12005,MedTech Platforms and Installed-Base Economics Beyond Hardware Sales,medical_devices,used,2026-09-09T08:31:41.739918+00:00,2026-09-09T08:31:43.153698+00:00,2026-09-09T08:31:43.153698+00:00,https://eureka.patsnap.com/ai-search/sess_aab836c49e0f4cdd?from=rd-home&start_from=eureka_landingpage,https://eureka.patsnap.com/share/?id=0481ce53bda4f9416a01b96a81aafc7d&from=invite-eureakplg-result&content=,,,,
12006,Aging Populations and Chronic Care: The Next Portfolio Test for MedTech,medical_devices,used,2026-09-09T08:31:43.156578+00:00,2026-09-09T08:31:44.658006+00:00,2026-09-09T08:31:44.658006+00:00,https://eureka.patsnap.com/ai-search/sess_0d2f6b5d14c741ee?from=rd-home&start_from=eureka_landingpage,https://eureka.patsnap.com/share/?id=ae83d752f2aa72646f68cb7bb70c877a&from=invite-eureakplg-result&content=,,,,
12007,Reimbursement Volatility and the MedTech Innovation Pipeline,medical_devices,used,2026-09-09T08:31:44.659693+00:00,2026-09-09T08:31:46.005747+00:00,2026-09-09T08:31:46.005747+00:00,https://eureka.patsnap.com/ai-search/sess_8e60630787834f52?from=rd-home&start_from=eureka_landingpage,https://eureka.patsnap.com/share/?id=5ece2a98d6aa151764a37a6fcbf5b03e&from=invite-eureakplg-result&content=,,,,
12008,Surgical and Imaging Segments: Premium Growth in a Cost-Disciplined Market,medical_devices,used,2026-09-09T08:31:46.007320+00:00,2026-09-09T08:31:47.599859+00:00,2026-09-09T08:31:47.599859+00:00,https://eureka.patsnap.com/ai-search/sess_42c44ade8d774e34?from=rd-home&start_from=eureka_landingpage,https://eureka.patsnap.com/share/?id=798809f65505bcd40cf0fa6b65b19cc5&from=invite-eureakplg-result&content=,,,,
12009,"MedTech Partnerships with Providers, Payers, and Digital Health Firms",medical_devices,used,2026-09-09T08:31:47.601584+00:00,2026-09-09T08:31:49.229206+00:00,2026-09-09T08:31:49.229206+00:00,https://eureka.patsnap.com/ai-search/sess_d1cafa95ffc94948?from=rd-home&start_from=eureka_landingpage,https://eureka.patsnap.com/share/?id=45c93ef22d3a57932ccc2ce406271ac4&from=invite-eureakplg-result&content=,,,,
12010,Advanced Materials Demand Migration: From Volume Markets to Mission-Critical Applications,materials,used,2026-09-09T08:31:05.238087+00:00,2026-09-09T08:31:06.629283+00:00,2026-09-09T08:31:06.629283+00:00,https://eureka.patsnap.com/ai-search/sess_e2c021223d604cd4?from=rd-home&start_from=eureka_landingpage,https://eureka.patsnap.com/share/?id=d64829b2d5f8dea1ad963d38dd32fdbf&from=invite-eureakplg-result&content=,,,,
12011,"Critical Minerals, Substitution, and the New Materials Security Agenda",materials,used,2026-09-09T08:31:06.632135+00:00,2026-09-09T08:31:08.037489+00:00,2026-09-09T08:31:08.037489+00:00,https://eureka.patsnap.com/ai-search/sess_c741f7839d9c4771?from=rd-home&start_from=eureka_landingpage,https://eureka.patsnap.com/share/?id=76f3ba746f38f2897cd9a26ef8166022&from=invite-eureakplg-result&content=,,,,
12012,"Materials for AI Infrastructure: Power, Cooling, Packaging, and Reliability Demand",materials,used,2026-09-09T08:31:08.040666+00:00,2026-09-09T08:31:11.629581+00:00,2026-09-09T08:31:11.629581+00:00,https://eureka.patsnap.com/ai-search/sess_9f40ee9241dd4a58?from=rd-home&start_from=eureka_landingpage,https://eureka.patsnap.com/share/?id=5c4624ac09a9e68c01de120a185deb34&from=invite-eureakplg-result&content=,,,,
12013,Circular Materials and Carbon Data as Customer Qualification Requirements,materials,used,2026-09-09T08:31:11.631463+00:00,2026-09-09T08:31:13.469583+00:00,2026-09-09T08:31:13.469583+00:00,https://eureka.patsnap.com/ai-search/sess_1f90197201c342ec?from=rd-home&start_from=eureka_landingpage,https://eureka.patsnap.com/share/?id=6da295120a8beb7c1391f0c03b05bdf0&from=invite-eureakplg-result&content=,,,,
12014,Customer Co-Development and Long Qualification Cycles as Competitive Moats,materials,used,2026-09-09T08:31:13.473213+00:00,2026-09-09T08:31:19.070806+00:00,2026-09-09T08:31:19.070806+00:00,https://eureka.patsnap.com/ai-search/sess_d9387de894794697?from=rd-home&start_from=eureka_landingpage,https://eureka.patsnap.com/share/?id=8ee8fe32ab560fdc94cef7e77fe2ec3b&from=invite-eureakplg-result&content=,,,,
12015,Low-Carbon Construction Materials: From Compliance Burden to Growth Segment,materials,used,2026-09-09T08:31:19.072957+00:00,2026-09-09T08:31:20.584962+00:00,2026-09-09T08:31:20.584962+00:00,https://eureka.patsnap.com/ai-search/sess_3dbc411fb8e747e6?from=rd-home&start_from=eureka_landingpage,https://eureka.patsnap.com/share/?id=ef2beb7bc52ce8d5d2e3cc15f53cc182&from=invite-eureakplg-result&content=,,,,
12016,Mobility Lightweighting and Battery Materials After the EV Growth Reset,materials,used,2026-09-09T08:31:20.587949+00:00,2026-09-09T08:31:22.066626+00:00,2026-09-09T08:31:22.066626+00:00,https://eureka.patsnap.com/ai-search/sess_11201b877eac4cc2?from=rd-home&start_from=eureka_landingpage,https://eureka.patsnap.com/share/?id=57c3bf116c549c7940c2726e5a07adf3&from=invite-eureakplg-result&content=,,,,
12017,Regionalized Materials Supply Chains and Trade Policy Exposure,materials,used,2026-09-09T08:31:22.068775+00:00,2026-09-09T08:31:23.454885+00:00,2026-09-09T08:31:23.454885+00:00,https://eureka.patsnap.com/ai-search/sess_386c148b3ac84757?from=rd-home&start_from=eureka_landingpage,https://eureka.patsnap.com/share/?id=6a6513afa457858d686e7c2f73ad08d1&from=invite-eureakplg-result&content=,,,,
12018,Sustainable Packaging Materials Under Regulation and Retail Pressure,materials,used,2026-09-09T08:31:23.458320+00:00,2026-09-09T08:31:24.744653+00:00,2026-09-09T08:31:24.744653+00:00,https://eureka.patsnap.com/ai-search/sess_e5d0595c535e482d?from=rd-home&start_from=eureka_landingpage,https://eureka.patsnap.com/share/?id=516dfcfe4a42c38d2fe4ab1ac506b4fc&from=invite-eureakplg-result&content=,,,,
12019,From Commodity Inputs to Application-Specific Materials Platforms,materials,used,2026-09-09T08:31:24.745999+00:00,2026-09-09T08:31:26.253440+00:00,2026-09-09T08:31:26.253440+00:00,https://eureka.patsnap.com/ai-search/sess_4c8d455ab05a4cc6?from=rd-home&start_from=eureka_landingpage,https://eureka.patsnap.com/share/?id=d5c3437be3e179ab3eec1448484d310d&from=invite-eureakplg-result&content=,,,,
12020,Automotive Affordability Reset: What Buyers Will Value from 2026 to 2030,automotive,used,2026-09-09T08:28:33.054833+00:00,2026-09-09T08:28:37.558080+00:00,2026-09-09T08:28:37.558080+00:00,https://eureka.patsnap.com/ai-search/sess_d0fa19a5f4f149e0?from=rd-home&start_from=eureka_landingpage,https://eureka.patsnap.com/share/?id=f5db3218d496d85b84e026281620e2c3&from=invite-eureakplg-result&content=,,,,
12021,"Regional Auto Markets Diverge: China, Europe, North America, and Emerging Economies",automotive,used,2026-09-09T08:28:37.561447+00:00,2026-09-09T08:28:38.841974+00:00,2026-09-09T08:28:38.841974+00:00,https://eureka.patsnap.com/ai-search/sess_3964cffe87cb43f2?from=rd-home&start_from=eureka_landingpage,https://eureka.patsnap.com/share/?id=184f875a1be90b412f472650585d7910&from=invite-eureakplg-result&content=,,,,
12022,"Hybrid, EV, and ICE Portfolio Flexibility as a Strategic Advantage",automotive,used,2026-09-09T08:28:38.843499+00:00,2026-09-09T08:28:40.170092+00:00,2026-09-09T08:28:40.170092+00:00,https://eureka.patsnap.com/ai-search/sess_ba30d1f5a2c64fde?from=rd-home&start_from=eureka_landingpage,https://eureka.patsnap.com/share/?id=0c0578b00f88f90b59a57d50622af430&from=invite-eureakplg-result&content=,,,,
12023,"Software-Defined Vehicles: Monetization, Trust, and Customer Backlash Risks",automotive,used,2026-09-09T08:28:40.171806+00:00,2026-09-09T08:28:41.528224+00:00,2026-09-09T08:28:41.528224+00:00,https://eureka.patsnap.com/ai-search/sess_3cfd3a9c0aff499b?from=rd-home&start_from=eureka_landingpage,https://eureka.patsnap.com/share/?id=b2f0e3a0366b7041fad4672ce8746c01&from=invite-eureakplg-result&content=,,,,
12024,"Automotive Supply Chains After Just-in-Time: Batteries, Chips, and Local Content",automotive,used,2026-09-09T08:28:41.532682+00:00,2026-09-09T08:28:42.885883+00:00,2026-09-09T08:28:42.885883+00:00,https://eureka.patsnap.com/ai-search/sess_6c58770cee714191?from=rd-home&start_from=eureka_landingpage,https://eureka.patsnap.com/share/?id=f76498ed294d41c7db58cb01587a649a&from=invite-eureakplg-result&content=,,,,
12025,Fleet Electrification and Commercial Vehicles as the Pragmatic EV Growth Path,automotive,used,2026-09-09T08:28:42.891555+00:00,2026-09-09T08:28:44.559381+00:00,2026-09-09T08:28:44.559381+00:00,https://eureka.patsnap.com/ai-search/sess_57c5a4720ef24ab4?from=rd-home&start_from=eureka_landingpage,https://eureka.patsnap.com/share/?id=3742e49410ded5b829c1af590a56a5a4&from=invite-eureakplg-result&content=,,,,
12026,"Vehicle Lifecycle Economics: Used Cars, Batteries, Repair, and Residual Value",automotive,used,2026-09-09T08:28:44.561923+00:00,2026-09-09T08:28:45.938528+00:00,2026-09-09T08:28:45.938528+00:00,https://eureka.patsnap.com/ai-search/sess_76a7ab28116b4569?from=rd-home&start_from=eureka_landingpage,https://eureka.patsnap.com/share/?id=6b7d3cc62f05705ac69d9c748e7c7d4e&from=invite-eureakplg-result&content=,,,,
12027,Automaker Margin Pressure in a Price-War and Incentive-Heavy Market,automotive,used,2026-09-09T08:28:45.940144+00:00,2026-09-09T08:28:47.388961+00:00,2026-09-09T08:28:47.388961+00:00,https://eureka.patsnap.com/ai-search/sess_9fdb5de5a11c4c2e?from=rd-home&start_from=eureka_landingpage,https://eureka.patsnap.com/share/?id=ac67e27c09d6b81981e8a5d54df4955d&from=invite-eureakplg-result&content=,,,,
12028,"Charging, Energy Services, and the Expanding Auto Ecosystem",automotive,used,2026-09-09T08:28:47.390629+00:00,2026-09-09T08:28:48.742643+00:00,2026-09-09T08:28:48.742643+00:00,https://eureka.patsnap.com/ai-search/sess_4d303a518a4341be?from=rd-home&start_from=eureka_landingpage,https://eureka.patsnap.com/share/?id=0a04091f7711a3a9827d26caf08f42ba&from=invite-eureakplg-result&content=,,,,
12029,Brand Loyalty in the Connected Vehicle Era,automotive,used,2026-09-09T08:28:48.744933+00:00,2026-09-09T08:28:50.080995+00:00,2026-09-09T08:28:50.080995+00:00,https://eureka.patsnap.com/ai-search/sess_9bff54f375f14903?from=rd-home&start_from=eureka_landingpage,https://eureka.patsnap.com/share/?id=f9efae51459e8467a5f25892370d2ee3&from=invite-eureakplg-result&content=,,,,
12030,Electronics Manufacturing in the AI Infrastructure Boom,electronics_manufacturing,used,2026-09-09T08:29:37.891778+00:00,2026-09-09T08:29:39.333007+00:00,2026-09-09T08:29:39.333007+00:00,https://eureka.patsnap.com/ai-search/sess_d8af71450c0b455a?from=rd-home&start_from=eureka_landingpage,https://eureka.patsnap.com/share/?id=c6df1f84c7a26dd91ee70c9acb779637&from=invite-eureakplg-result&content=,,,,
12031,"Memory, Advanced Packaging, and Supply Allocation Risks for Electronics OEMs",electronics_manufacturing,used,2026-09-09T08:29:39.335834+00:00,2026-09-09T08:29:40.696376+00:00,2026-09-09T08:29:40.696376+00:00,https://eureka.patsnap.com/ai-search/sess_20270bd350b34ce9?from=rd-home&start_from=eureka_landingpage,https://eureka.patsnap.com/share/?id=65531b3fa03a7b99cb39bbfbb144d307&from=invite-eureakplg-result&content=,,,,
12032,Geopatriation and Compliance-Driven Footprint Redesign in Electronics,electronics_manufacturing,used,2026-09-09T08:29:40.698049+00:00,2026-09-09T08:29:42.069325+00:00,2026-09-09T08:29:42.069325+00:00,https://eureka.patsnap.com/ai-search/sess_84c2851f2cfa4e16?from=rd-home&start_from=eureka_landingpage,https://eureka.patsnap.com/share/?id=19678dae7b88892745b9f610c8dd8829&from=invite-eureakplg-result&content=,,,,
12033,AI PCs and Edge Devices: Replacement Cycle or Short-Lived Upgrade Wave,electronics_manufacturing,used,2026-09-09T08:29:42.071363+00:00,2026-09-09T08:29:43.472507+00:00,2026-09-09T08:29:43.472507+00:00,https://eureka.patsnap.com/ai-search/sess_2cad98270d5947aa?from=rd-home&start_from=eureka_landingpage,https://eureka.patsnap.com/share/?id=9152b3690cf8fc18ffdee089b2070f4d&from=invite-eureakplg-result&content=,,,,
12034,"Industrial, Medical, and Automotive Electronics as Resilience Segments",electronics_manufacturing,used,2026-09-09T08:29:43.476092+00:00,2026-09-09T08:29:45.222246+00:00,2026-09-09T08:29:45.222246+00:00,https://eureka.patsnap.com/ai-search/sess_7df48dbed10c4b7d?from=rd-home&start_from=eureka_landingpage,https://eureka.patsnap.com/share/?id=84962de15aae5419b741c8d5f9c45c37&from=invite-eureakplg-result&content=,,,,
12035,"Electronics Provenance, Traceability, and Trust as Procurement Criteria",electronics_manufacturing,used,2026-09-09T08:29:45.224509+00:00,2026-09-09T08:29:46.971768+00:00,2026-09-09T08:29:46.971768+00:00,https://eureka.patsnap.com/ai-search/sess_02349c83a5424a98?from=rd-home&start_from=eureka_landingpage,https://eureka.patsnap.com/share/?id=1be2c94f5b6e25cab64fbcaddde53c0b&from=invite-eureakplg-result&content=,,,,
12036,Power Availability and Data Center Buildout Risks for Electronics Demand,electronics_manufacturing,used,2026-09-09T08:29:46.974155+00:00,2026-09-09T08:29:48.845059+00:00,2026-09-09T08:29:48.845059+00:00,https://eureka.patsnap.com/ai-search/sess_2dc6b2d4b28045a1?from=rd-home&start_from=eureka_landingpage,https://eureka.patsnap.com/share/?id=841d4626110d4cf25bc3386442236619&from=invite-eureakplg-result&content=,,,,
12037,"Circular Electronics, Repairability, and Lifecycle Services",electronics_manufacturing,used,2026-09-09T08:29:48.847498+00:00,2026-09-09T08:29:50.199202+00:00,2026-09-09T08:29:50.199202+00:00,https://eureka.patsnap.com/ai-search/sess_5e729917085c4dd8?from=rd-home&start_from=eureka_landingpage,https://eureka.patsnap.com/share/?id=834f409cc11ed6cab7faab2c1c0e2c90&from=invite-eureakplg-result&content=,,,,
12038,Inventory Discipline After Volatility: The New Electronics Planning Model,electronics_manufacturing,used,2026-09-09T08:29:50.200932+00:00,2026-09-09T08:29:52.008753+00:00,2026-09-09T08:29:52.008753+00:00,https://eureka.patsnap.com/ai-search/sess_a090514442494c44?from=rd-home&start_from=eureka_landingpage,https://eureka.patsnap.com/share/?id=5e70e48846827f1777aed8a5591b66fa&from=invite-eureakplg-result&content=,,,,
12039,From Build-to-Print to Co-Design: The EMS Value Proposition Shift,electronics_manufacturing,used,2026-09-09T08:29:52.012983+00:00,2026-09-09T08:29:53.683134+00:00,2026-09-09T08:29:53.683134+00:00,https://eureka.patsnap.com/ai-search/sess_c353aed0387043f8?from=rd-home&start_from=eureka_landingpage,https://eureka.patsnap.com/share/?id=d739d1f74752f1fd0334481f11a4e061&from=invite-eureakplg-result&content=,,,,
12040,Engineering Services and Industrial Firms in the Physical AI Era,engineering,used,2026-09-09T08:30:17.224723+00:00,2026-09-09T08:30:19.096713+00:00,2026-09-09T08:30:19.096713+00:00,https://eureka.patsnap.com/ai-search/sess_c03653aa93d74227?from=rd-home&start_from=eureka_landingpage,https://eureka.patsnap.com/share/?id=4ec03a357955debcf3036bde8540d144&from=invite-eureakplg-result&content=,,,,
12041,Engineering Workforce Shortages and the Productivity Mandate,engineering,used,2026-09-09T08:30:19.099043+00:00,2026-09-09T08:30:21.791962+00:00,2026-09-09T08:30:21.791962+00:00,https://eureka.patsnap.com/ai-search/sess_56403f6532c74d87?from=rd-home&start_from=eureka_landingpage,https://eureka.patsnap.com/share/?id=baaeca7e37d4ecccbc1a9438bcfa61c5&from=invite-eureakplg-result&content=,,,,
12042,Aftermarket and Service Models for Industrial Equipment Companies,engineering,used,2026-09-09T08:30:21.795193+00:00,2026-09-09T08:30:23.936869+00:00,2026-09-09T08:30:23.936869+00:00,https://eureka.patsnap.com/ai-search/sess_0c9f73702b5342f1?from=rd-home&start_from=eureka_landingpage,https://eureka.patsnap.com/share/?id=bf1f88817d66c9024831d4231a0f66dc&from=invite-eureakplg-result&content=,,,,
12043,Industrial Capex Volatility and Project Delivery Risk,engineering,used,2026-09-09T08:30:23.939263+00:00,2026-09-09T08:30:25.869326+00:00,2026-09-09T08:30:25.869326+00:00,https://eureka.patsnap.com/ai-search/sess_f487c29709684c46?from=rd-home&start_from=eureka_landingpage,https://eureka.patsnap.com/share/?id=cdcc05e17b4e874dffe19772fc17c17a&from=invite-eureakplg-result&content=,,,,
12044,Regional Manufacturing Networks and Engineering Localization,engineering,used,2026-09-09T08:30:25.872014+00:00,2026-09-09T08:30:27.436026+00:00,2026-09-09T08:30:27.436026+00:00,https://eureka.patsnap.com/ai-search/sess_6ad6bc3376964177?from=rd-home&start_from=eureka_landingpage,https://eureka.patsnap.com/share/?id=9670b02db776c390d75663826c5714f3&from=invite-eureakplg-result&content=,,,,
12045,Digital Thread and Model-Based Delivery as Business Strategy,engineering,used,2026-09-09T08:30:27.439002+00:00,2026-09-09T08:30:28.865017+00:00,2026-09-09T08:30:28.865017+00:00,https://eureka.patsnap.com/ai-search/sess_00226b5f67064cbb?from=rd-home&start_from=eureka_landingpage,https://eureka.patsnap.com/share/?id=12b8336c2a2b777b1a6d8a8f25a2f025&from=invite-eureakplg-result&content=,,,,
12046,Energy Efficiency Retrofits as a Growth Engine for Engineering Firms,engineering,used,2026-09-09T08:30:28.867626+00:00,2026-09-09T08:30:30.428689+00:00,2026-09-09T08:30:30.428689+00:00,https://eureka.patsnap.com/ai-search/sess_930e3832148c44f7?from=rd-home&start_from=eureka_landingpage,https://eureka.patsnap.com/share/?id=d2d1610f9e28058d8380b65f880aa785&from=invite-eureakplg-result&content=,,,,
12047,"Safety, Standards, and Certification as Competitive Differentiators",engineering,used,2026-09-09T08:30:30.431136+00:00,2026-09-09T08:30:31.820006+00:00,2026-09-09T08:30:31.820006+00:00,https://eureka.patsnap.com/ai-search/sess_4481d3889e224cdb?from=rd-home&start_from=eureka_landingpage,https://eureka.patsnap.com/share/?id=8f17ea15ca9c087517b607895a04b227&from=invite-eureakplg-result&content=,,,,
12048,Automation ROI: From Pilot Projects to Scaled Industrial Adoption,engineering,used,2026-09-09T08:30:31.822774+00:00,2026-09-09T08:30:33.165461+00:00,2026-09-09T08:30:33.165461+00:00,https://eureka.patsnap.com/ai-search/sess_0d14976f89de46ca?from=rd-home&start_from=eureka_landingpage,https://eureka.patsnap.com/share/?id=74335081fb899733f30e93ee274de227&from=invite-eureakplg-result&content=,,,,
12049,"Engineering Firms as Integrators of Infrastructure, Energy, and Digital Systems",engineering,used,2026-09-09T08:30:33.167978+00:00,2026-09-09T08:30:34.624585+00:00,2026-09-09T08:30:34.624585+00:00,https://eureka.patsnap.com/ai-search/sess_dba3e8b431b848a5?from=rd-home&start_from=eureka_landingpage,https://eureka.patsnap.com/share/?id=817f56a115b84dd1f0a204386d84e1f1&from=invite-eureakplg-result&content=,,,,
12050,Biotech Funding Selectivity and the Return of Portfolio Discipline,biotech,used,2026-09-09T08:28:50.082731+00:00,2026-09-09T08:28:51.481163+00:00,2026-09-09T08:28:51.481163+00:00,https://eureka.patsnap.com/ai-search/sess_067ae55709e245b6?from=rd-home&start_from=eureka_landingpage,https://eureka.patsnap.com/share/?id=5c87e36f075c4b510f1859bca8f96643&from=invite-eureakplg-result&content=,,,,
12051,AI-Native Discovery: Productivity Promise Meets Evidence and ROI Pressure,biotech,used,2026-09-09T08:28:51.482555+00:00,2026-09-09T08:28:52.813561+00:00,2026-09-09T08:28:52.813561+00:00,https://eureka.patsnap.com/ai-search/sess_d944e82ec83945d5?from=rd-home&start_from=eureka_landingpage,https://eureka.patsnap.com/share/?id=30027dc0c779679d6461dad1ff3febc3&from=invite-eureakplg-result&content=,,,,
12052,Therapeutic Area Rotation Beyond Oncology,biotech,used,2026-09-09T08:28:52.815141+00:00,2026-09-09T08:28:54.266312+00:00,2026-09-09T08:28:54.266312+00:00,https://eureka.patsnap.com/ai-search/sess_3b3c35d34ccd4c16?from=rd-home&start_from=eureka_landingpage,https://eureka.patsnap.com/share/?id=443dcef4e10b339a4e43c7dd62b4bc70&from=invite-eureakplg-result&content=,,,,
12053,"Patent Cliffs, Biosimilars, and Biotech Partnering Power",biotech,used,2026-09-09T08:28:54.267281+00:00,2026-09-09T08:28:56.622686+00:00,2026-09-09T08:28:56.622686+00:00,https://eureka.patsnap.com/ai-search/sess_ccea827f0f7e4926?from=rd-home&start_from=eureka_landingpage,https://eureka.patsnap.com/share/?id=58910fb160f628531fcecd19d0f87eab&from=invite-eureakplg-result&content=,,,,
12054,Clinical Development in a Fragmented Regulatory and Geopolitical Landscape,biotech,used,2026-09-09T08:28:56.624437+00:00,2026-09-09T08:28:58.138218+00:00,2026-09-09T08:28:58.138218+00:00,https://eureka.patsnap.com/ai-search/sess_87f7416dbf2b46ef?from=rd-home&start_from=eureka_landingpage,https://eureka.patsnap.com/share/?id=3308e1c685008382723406a961634f62&from=invite-eureakplg-result&content=,,,,
12055,Platform Biotech Partnerships: From Science Optionality to Commercial Focus,biotech,used,2026-09-09T08:28:58.139385+00:00,2026-09-09T08:28:59.468306+00:00,2026-09-09T08:28:59.468306+00:00,https://eureka.patsnap.com/ai-search/sess_b321f1fef915456f?from=rd-home&start_from=eureka_landingpage,https://eureka.patsnap.com/share/?id=9dcc91c64ba7d84685efe66e7961dff3&from=invite-eureakplg-result&content=,,,,
12056,Cell and Gene Therapy Commercialization Bottlenecks,biotech,used,2026-09-09T08:28:59.470218+00:00,2026-09-09T08:29:01.312577+00:00,2026-09-09T08:29:01.312577+00:00,https://eureka.patsnap.com/ai-search/sess_30b2a6f0b0ca41c5?from=rd-home&start_from=eureka_landingpage,https://eureka.patsnap.com/share/?id=25e49e07f7f2ec4e3bfc7bba64180b34&from=invite-eureakplg-result&content=,,,,
12057,"Precision Medicine Economics: Evidence, Reimbursement, and Patient Identification",biotech,used,2026-09-09T08:29:01.314851+00:00,2026-09-09T08:29:02.819825+00:00,2026-09-09T08:29:02.819825+00:00,https://eureka.patsnap.com/ai-search/sess_b5ff45dab26340f6?from=rd-home&start_from=eureka_landingpage,https://eureka.patsnap.com/share/?id=365cc35c0f251e73304a024457b84ed7&from=invite-eureakplg-result&content=,,,,
12058,Biomanufacturing Resilience and the CDMO Strategy Reset,biotech,used,2026-09-09T08:29:02.821865+00:00,2026-09-09T08:29:04.366817+00:00,2026-09-09T08:29:04.366817+00:00,https://eureka.patsnap.com/ai-search/sess_628ab54bf83c4215?from=rd-home&start_from=eureka_landingpage,https://eureka.patsnap.com/share/?id=278a9f013b6cb182d744e30278f61a9a&from=invite-eureakplg-result&content=,,,,
12059,"Data Access, Patient Networks, and Real-World Evidence as Biotech Assets",biotech,used,2026-09-09T08:29:04.369727+00:00,2026-09-09T08:29:05.757279+00:00,2026-09-09T08:29:05.757279+00:00,https://eureka.patsnap.com/ai-search/sess_77b4c1f6b0c4453e?from=rd-home&start_from=eureka_landingpage,https://eureka.patsnap.com/share/?id=d04a7cc858571952fd8541437c0589eb&from=invite-eureakplg-result&content=,,,,
12060,Food Portfolios After the Wellness and Affordability Collision,food_farming_production,used,2026-09-09T08:30:49.308866+00:00,2026-09-09T08:30:50.802428+00:00,2026-09-09T08:30:50.802428+00:00,https://eureka.patsnap.com/ai-search/sess_34f046c13686481b?from=rd-home&start_from=eureka_landingpage,https://eureka.patsnap.com/share/?id=62ecce259659506a0d8457ef24358b79&from=invite-eureakplg-result&content=,,,,
12061,GLP-1 Adoption and the Changing Demand Map for Food Companies,food_farming_production,used,2026-09-09T08:30:50.806201+00:00,2026-09-09T08:30:52.733280+00:00,2026-09-09T08:30:52.733280+00:00,https://eureka.patsnap.com/ai-search/sess_66e118e6065146a7?from=rd-home&start_from=eureka_landingpage,https://eureka.patsnap.com/share/?id=077cf20f759b4a2ae8215e02bf3504ac&from=invite-eureakplg-result&content=,,,,
12062,"Protein Transition 2.0: From Novelty to Taste, Cost, and Supply Reliability",food_farming_production,used,2026-09-09T08:30:52.736725+00:00,2026-09-09T08:30:54.137883+00:00,2026-09-09T08:30:54.137883+00:00,https://eureka.patsnap.com/ai-search/sess_1b98069e124a425a?from=rd-home&start_from=eureka_landingpage,https://eureka.patsnap.com/share/?id=728633c650ecc51c670b618b4921eaa5&from=invite-eureakplg-result&content=,,,,
12063,Ultra-Processed Food Scrutiny and the Next Labeling Debate,food_farming_production,used,2026-09-09T08:30:54.139534+00:00,2026-09-09T08:30:56.218637+00:00,2026-09-09T08:30:56.218637+00:00,https://eureka.patsnap.com/ai-search/sess_46d7553f4fb04e9c?from=rd-home&start_from=eureka_landingpage,https://eureka.patsnap.com/share/?id=917acea968dc8b37fd81bf4316713215&from=invite-eureakplg-result&content=,,,,
12064,"Private Label, Retail Power, and the Brand Innovation Challenge",food_farming_production,used,2026-09-09T08:30:56.221741+00:00,2026-09-09T08:30:57.640526+00:00,2026-09-09T08:30:57.640526+00:00,https://eureka.patsnap.com/ai-search/sess_977aeea703c048bc?from=rd-home&start_from=eureka_landingpage,https://eureka.patsnap.com/share/?id=3c99ce038edab1fcbb9dfa24e97da5d1&from=invite-eureakplg-result&content=,,,,
12065,Climate-Resilient Ingredient Sourcing and Food Security Strategy,food_farming_production,used,2026-09-09T08:30:57.642973+00:00,2026-09-09T08:30:59.164060+00:00,2026-09-09T08:30:59.164060+00:00,https://eureka.patsnap.com/ai-search/sess_d9d31bd39e2a4564?from=rd-home&start_from=eureka_landingpage,https://eureka.patsnap.com/share/?id=cdd99f9670412b813273b456f7b3d46b&from=invite-eureakplg-result&content=,,,,
12066,Functional Foods and Evidence-Based Wellness Claims,food_farming_production,used,2026-09-09T08:30:59.165414+00:00,2026-09-09T08:31:00.710973+00:00,2026-09-09T08:31:00.710973+00:00,https://eureka.patsnap.com/ai-search/sess_ffcc7c5f60ad4df6?from=rd-home&start_from=eureka_landingpage,https://eureka.patsnap.com/share/?id=95f9ddc1c5fdc52ada59bbe5e4edb4b4&from=invite-eureakplg-result&content=,,,,
12067,"Packaging, Waste, and Extended Producer Responsibility in Food",food_farming_production,used,2026-09-09T08:31:00.713799+00:00,2026-09-09T08:31:02.283210+00:00,2026-09-09T08:31:02.283210+00:00,https://eureka.patsnap.com/ai-search/sess_80718c24c1a2457d?from=rd-home&start_from=eureka_landingpage,https://eureka.patsnap.com/share/?id=95c1ad0b56ab56691a4403df95b30384&from=invite-eureakplg-result&content=,,,,
12068,Digital Traceability and Provenance as Food Trust Infrastructure,food_farming_production,used,2026-09-09T08:31:02.286088+00:00,2026-09-09T08:31:03.684371+00:00,2026-09-09T08:31:03.684371+00:00,https://eureka.patsnap.com/ai-search/sess_38f7fe80d1ad4521?from=rd-home&start_from=eureka_landingpage,https://eureka.patsnap.com/share/?id=0760a3299ef978af54b426d7756efc50&from=invite-eureakplg-result&content=,,,,
12069,Regionalization of Food Supply Chains and Local Production Narratives,food_farming_production,used,2026-09-09T08:31:03.685769+00:00,2026-09-09T08:31:05.235199+00:00,2026-09-09T08:31:05.235199+00:00,https://eureka.patsnap.com/ai-search/sess_3581b655d169493c?from=rd-home&start_from=eureka_landingpage,https://eureka.patsnap.com/share/?id=d788a0a542e8852192ee704d00253615&from=invite-eureakplg-result&content=,,,,
12070,Farm Profitability Under Climate Volatility and Input Cost Pressure,food_farming_production,used,2026-09-09T08:30:34.627171+00:00,2026-09-09T08:30:36.311346+00:00,2026-09-09T08:30:36.311346+00:00,https://eureka.patsnap.com/ai-search/sess_b2231cbc17224917?from=rd-home&start_from=eureka_landingpage,https://eureka.patsnap.com/share/?id=acfcffb75b513798605ef751e6e33fb5&from=invite-eureakplg-result&content=,,,,
12071,"Precision Agriculture Adoption: ROI, Trust, and Dealer-Led Scaling",food_farming_production,used,2026-09-09T08:30:36.313544+00:00,2026-09-09T08:30:37.665815+00:00,2026-09-09T08:30:37.665815+00:00,https://eureka.patsnap.com/ai-search/sess_96971ef86aa94353?from=rd-home&start_from=eureka_landingpage,https://eureka.patsnap.com/share/?id=e80594ca225ac0da3540edc42fc808d1&from=invite-eureakplg-result&content=,,,,
12072,Autonomous Farm Operations and the Labor Constraint,food_farming_production,used,2026-09-09T08:30:37.669068+00:00,2026-09-09T08:30:39.215761+00:00,2026-09-09T08:30:39.215761+00:00,https://eureka.patsnap.com/ai-search/sess_7d280a8d68d34624?from=rd-home&start_from=eureka_landingpage,https://eureka.patsnap.com/share/?id=8dda087b076fba88a6af336ecb296cda&from=invite-eureakplg-result&content=,,,,
12073,Water Scarcity and Irrigation Investment as Strategic Farm Issues,food_farming_production,used,2026-09-09T08:30:39.217368+00:00,2026-09-09T08:30:40.575698+00:00,2026-09-09T08:30:40.575698+00:00,https://eureka.patsnap.com/ai-search/sess_4e63ab1148234f9e?from=rd-home&start_from=eureka_landingpage,https://eureka.patsnap.com/share/?id=fd4b2f5d3809a993dc00255707387492&from=invite-eureakplg-result&content=,,,,
12074,Biological Inputs and Soil Health: Market Promise and Adoption Barriers,food_farming_production,used,2026-09-09T08:30:40.578244+00:00,2026-09-09T08:30:41.988858+00:00,2026-09-09T08:30:41.988858+00:00,https://eureka.patsnap.com/ai-search/sess_7f2ddf876f774d0f?from=rd-home&start_from=eureka_landingpage,https://eureka.patsnap.com/share/?id=813cca22d397edbe817d47e49010bb10&from=invite-eureakplg-result&content=,,,,
12075,Seed and Crop Portfolio Resilience in Extreme Weather Markets,food_farming_production,used,2026-09-09T08:30:41.991608+00:00,2026-09-09T08:30:43.418730+00:00,2026-09-09T08:30:43.418730+00:00,https://eureka.patsnap.com/ai-search/sess_af51cfd084454fa3?from=rd-home&start_from=eureka_landingpage,https://eureka.patsnap.com/share/?id=1539f44ac64c619c76ac75fc9a274a2b&from=invite-eureakplg-result&content=,,,,
12076,"Farmer Incentives for Carbon, Nature, and Sustainability Programs",food_farming_production,used,2026-09-09T08:30:43.421856+00:00,2026-09-09T08:30:44.944115+00:00,2026-09-09T08:30:44.944115+00:00,https://eureka.patsnap.com/ai-search/sess_03d612eee948474b?from=rd-home&start_from=eureka_landingpage,https://eureka.patsnap.com/share/?id=d854ee203590dd2ccfa0ef5863c6c1d0&from=invite-eureakplg-result&content=,,,,
12077,Farm Data Ownership and Trust Across Agribusiness Ecosystems,food_farming_production,used,2026-09-09T08:30:44.947319+00:00,2026-09-09T08:30:46.391397+00:00,2026-09-09T08:30:46.391397+00:00,https://eureka.patsnap.com/ai-search/sess_51fe3196a45e42e2?from=rd-home&start_from=eureka_landingpage,https://eureka.patsnap.com/share/?id=cfae3e71f3afbe6a508e89e8c6e90d73&from=invite-eureakplg-result&content=,,,,
12078,Controlled Environment Agriculture After the Profitability Reset,food_farming_production,used,2026-09-09T08:30:46.393084+00:00,2026-09-09T08:30:47.736669+00:00,2026-09-09T08:30:47.736669+00:00,https://eureka.patsnap.com/ai-search/sess_fb0d7f74f4374373?from=rd-home&start_from=eureka_landingpage,https://eureka.patsnap.com/share/?id=df1ac8a53d34f05b11b32695b33548ee&from=invite-eureakplg-result&content=,,,,
12079,Agribusiness Consolidation and Platform Ecosystems,food_farming_production,used,2026-09-09T08:30:47.739317+00:00,2026-09-09T08:30:49.306273+00:00,2026-09-09T08:30:49.306273+00:00,https://eureka.patsnap.com/ai-search/sess_bc3eb326393049aa?from=rd-home&start_from=eureka_landingpage,https://eureka.patsnap.com/share/?id=e485afa581593930800943c89f02b522&from=invite-eureakplg-result&content=,,,,
12080,"Electricity Demand Shock: AI Data Centers, Industry, and Electrification",energy,used,2026-09-09T08:29:53.685077+00:00,2026-09-09T08:29:55.060847+00:00,2026-09-09T08:29:55.060847+00:00,https://eureka.patsnap.com/ai-search/sess_d27f188862964677?from=rd-home&start_from=eureka_landingpage,https://eureka.patsnap.com/share/?id=19211635b3d7116f3766f7b12d507716&from=invite-eureakplg-result&content=,,,,
12081,Grid Bottlenecks as the New Energy Transition Constraint,energy,used,2026-09-09T08:29:55.063139+00:00,2026-09-09T08:29:57.142454+00:00,2026-09-09T08:29:57.142454+00:00,https://eureka.patsnap.com/ai-search/sess_12c02e6584e64ced?from=rd-home&start_from=eureka_landingpage,https://eureka.patsnap.com/share/?id=e361f0a959b17dc57aaeea5f2bb47585&from=invite-eureakplg-result&content=,,,,
12082,Clean Firm Power and the Search for Reliable Low-Carbon Supply,energy,used,2026-09-09T08:29:57.145222+00:00,2026-09-09T08:29:59.556571+00:00,2026-09-09T08:29:59.556571+00:00,https://eureka.patsnap.com/ai-search/sess_943f8b12313e4ffa?from=rd-home&start_from=eureka_landingpage,https://eureka.patsnap.com/share/?id=878ff106676747792073cbff9945dd64&from=invite-eureakplg-result&content=,,,,
12083,Energy Affordability and Policy Volatility Through 2030,energy,used,2026-09-09T08:29:59.559104+00:00,2026-09-09T08:30:02.770832+00:00,2026-09-09T08:30:02.770832+00:00,https://eureka.patsnap.com/ai-search/sess_0678bf72ced041cc?from=rd-home&start_from=eureka_landingpage,https://eureka.patsnap.com/share/?id=1981e5b51f0567cb1dc0a2eed5c0ee2c&from=invite-eureakplg-result&content=,,,,
12084,"Storage Economics, Capacity Markets, and Grid Flexibility",energy,used,2026-09-09T08:30:02.773304+00:00,2026-09-09T08:30:05.967370+00:00,2026-09-09T08:30:05.967370+00:00,https://eureka.patsnap.com/ai-search/sess_4f9379a809354929?from=rd-home&start_from=eureka_landingpage,https://eureka.patsnap.com/share/?id=aa8d622d077da0186e53ea6bfad7d5dd&from=invite-eureakplg-result&content=,,,,
12085,Critical Minerals and Energy Security in the Next Investment Cycle,energy,used,2026-09-09T08:30:05.969948+00:00,2026-09-09T08:30:07.661278+00:00,2026-09-09T08:30:07.661278+00:00,https://eureka.patsnap.com/ai-search/sess_c4eaeb22e1134bfe?from=rd-home&start_from=eureka_landingpage,https://eureka.patsnap.com/share/?id=8585b8104ffdc19fd134e790789d3a69&from=invite-eureakplg-result&content=,,,,
12086,Distributed Energy and Resilience for Commercial and Industrial Customers,energy,used,2026-09-09T08:30:07.664152+00:00,2026-09-09T08:30:11.468379+00:00,2026-09-09T08:30:11.468379+00:00,https://eureka.patsnap.com/ai-search/sess_4a3e786e9e834a5d?from=rd-home&start_from=eureka_landingpage,https://eureka.patsnap.com/share/?id=417d0cf10d5bb1218b59a137b03c111f&from=invite-eureakplg-result&content=,,,,
12087,Hydrogen Market Reset: From Announcements to Bankable Demand,energy,used,2026-09-09T08:30:11.471025+00:00,2026-09-09T08:30:12.953450+00:00,2026-09-09T08:30:12.953450+00:00,https://eureka.patsnap.com/ai-search/sess_3920265059824d81?from=rd-home&start_from=eureka_landingpage,https://eureka.patsnap.com/share/?id=e51dc1db7b48e26489a2bb7884580bcd&from=invite-eureakplg-result&content=,,,,
12088,Vehicle-to-Grid and Managed Charging as Auto-Energy Convergence,energy,used,2026-09-09T08:30:12.955992+00:00,2026-09-09T08:30:14.513937+00:00,2026-09-09T08:30:14.513937+00:00,https://eureka.patsnap.com/ai-search/sess_bb6049c675a34b69?from=rd-home&start_from=eureka_landingpage,https://eureka.patsnap.com/share/?id=e9277f0bf7e4f88c12108ba54fd0d6cf&from=invite-eureakplg-result&content=,,,,
12089,Carbon Management Markets for Hard-to-Abate Industries,energy,used,2026-09-09T08:30:14.516779+00:00,2026-09-09T08:30:17.221928+00:00,2026-09-09T08:30:17.221928+00:00,https://eureka.patsnap.com/ai-search/sess_67cead48fa194610?from=rd-home&start_from=eureka_landingpage,https://eureka.patsnap.com/share/?id=d3937bb65f4a608e6dc502346a5b2cff&from=invite-eureakplg-result&content=,,,,
12090,Chemical Industry Demand Divergence: Winners and Laggards Through 2030,chemical,used,2026-09-09T08:29:05.759534+00:00,2026-09-09T08:29:07.164504+00:00,2026-09-09T08:29:07.164504+00:00,https://eureka.patsnap.com/ai-search/sess_7906a5a0f0c64571?from=rd-home&start_from=eureka_landingpage,https://eureka.patsnap.com/share/?id=2b3e9a1bc12535f3a219d5daa2da5d98&from=invite-eureakplg-result&content=,,,,
12091,"China Capacity, Regional Trade Policy, and Chemical Margin Pressure",chemical,used,2026-09-09T08:29:07.166446+00:00,2026-09-09T08:29:08.602124+00:00,2026-09-09T08:29:08.602124+00:00,https://eureka.patsnap.com/ai-search/sess_aca8143d354d4cbc?from=rd-home&start_from=eureka_landingpage,https://eureka.patsnap.com/share/?id=bc16480c22fcb344386898e2faa1939a&from=invite-eureakplg-result&content=,,,,
12092,"Specialty Chemicals Growth Pockets in AI, Health, Energy, and Mobility",chemical,used,2026-09-09T08:29:08.603963+00:00,2026-09-09T08:29:10.298912+00:00,2026-09-09T08:29:10.298912+00:00,https://eureka.patsnap.com/ai-search/sess_7067aeef8a4e4111?from=rd-home&start_from=eureka_landingpage,https://eureka.patsnap.com/share/?id=defcb6cca88e4b4c9b9ba42c66420d0c&from=invite-eureakplg-result&content=,,,,
12093,Circular Plastics and EPR: The Next Strategic Test for Chemical Producers,chemical,used,2026-09-09T08:29:10.300883+00:00,2026-09-09T08:29:11.658187+00:00,2026-09-09T08:29:11.658187+00:00,https://eureka.patsnap.com/ai-search/sess_386fe8d740c14ce6?from=rd-home&start_from=eureka_landingpage,https://eureka.patsnap.com/share/?id=1d80401eeacf3638df1a15a51e9645c8&from=invite-eureakplg-result&content=,,,,
12094,Feedstock Volatility and Regional Advantage in Chemicals,chemical,used,2026-09-09T08:29:11.660284+00:00,2026-09-09T08:29:13.186875+00:00,2026-09-09T08:29:13.186875+00:00,https://eureka.patsnap.com/ai-search/sess_3751a778fd384409?from=rd-home&start_from=eureka_landingpage,https://eureka.patsnap.com/share/?id=84d661bfdcea38f7280e6e70cfd9aee6&from=invite-eureakplg-result&content=,,,,
12095,"Low-Carbon Chemicals: Customer Premiums, Certification, and Scale",chemical,used,2026-09-09T08:29:13.190130+00:00,2026-09-09T08:29:14.687516+00:00,2026-09-09T08:29:14.687516+00:00,https://eureka.patsnap.com/ai-search/sess_2c0cafa3047746aa?from=rd-home&start_from=eureka_landingpage,https://eureka.patsnap.com/share/?id=67840488bfdc1916839889037ccf7050&from=invite-eureakplg-result&content=,,,,
12096,Safer Chemistry and Regulatory Substitution as Innovation Drivers,chemical,used,2026-09-09T08:29:14.689782+00:00,2026-09-09T08:29:16.376581+00:00,2026-09-09T08:29:16.376581+00:00,https://eureka.patsnap.com/ai-search/sess_5163a6ccc6ee43be?from=rd-home&start_from=eureka_landingpage,https://eureka.patsnap.com/share/?id=0787afccee8443e334de1ec5adfe6abf&from=invite-eureakplg-result&content=,,,,
12097,"Chemical Plant Reliability, Water, and Community License to Operate",chemical,used,2026-09-09T08:29:16.378728+00:00,2026-09-09T08:29:17.743104+00:00,2026-09-09T08:29:17.743104+00:00,https://eureka.patsnap.com/ai-search/sess_4281c2a9caab41d5?from=rd-home&start_from=eureka_landingpage,https://eureka.patsnap.com/share/?id=e50b674d7b651a68b4b3fc3f2dba5034&from=invite-eureakplg-result&content=,,,,
12098,Portfolio Pruning and M&A in a More Selective Chemical Market,chemical,used,2026-09-09T08:29:17.745315+00:00,2026-09-09T08:29:19.625096+00:00,2026-09-09T08:29:19.625096+00:00,https://eureka.patsnap.com/ai-search/sess_c53f89f9abb843c2?from=rd-home&start_from=eureka_landingpage,https://eureka.patsnap.com/share/?id=d23b4c61724d29e57766245b3a44a284&from=invite-eureakplg-result&content=,,,,
12099,AI Productivity in Chemicals: From Lab Hype to Operating Margin,chemical,used,2026-09-09T08:29:19.627593+00:00,2026-09-09T08:29:21.897717+00:00,2026-09-09T08:29:21.897717+00:00,https://eureka.patsnap.com/ai-search/sess_5722f88b51b046ee?from=rd-home&start_from=eureka_landingpage,https://eureka.patsnap.com/share/?id=57c5becae8b391f6f4b1a0566df8d8a6&from=invite-eureakplg-result&content=,,,,
12100,K-Shaped Construction Outlook: Where Demand Diverges Through 2027,construction,used,2026-09-09T08:29:21.899833+00:00,2026-09-09T08:29:23.433248+00:00,2026-09-09T08:29:23.433248+00:00,https://eureka.patsnap.com/ai-search/sess_516ac0bf03ac4a94?from=rd-home&start_from=eureka_landingpage,https://eureka.patsnap.com/share/?id=e6424daa4f1b079cd03296682baa4b6c&from=invite-eureakplg-result&content=,,,,
12101,"Data Centers, Healthcare, and Institutional Work as Construction Bright Spots",construction,used,2026-09-09T08:29:23.435857+00:00,2026-09-09T08:29:24.757476+00:00,2026-09-09T08:29:24.757476+00:00,https://eureka.patsnap.com/ai-search/sess_32cd6d12c40240a4?from=rd-home&start_from=eureka_landingpage,https://eureka.patsnap.com/share/?id=408decdd2e9d29aaf7846eaf6b8298ec&from=invite-eureakplg-result&content=,,,,
12102,"Interest Rates, Project Finance, and Backlog Conversion Risk",construction,used,2026-09-09T08:29:24.759576+00:00,2026-09-09T08:29:26.186892+00:00,2026-09-09T08:29:26.186892+00:00,https://eureka.patsnap.com/ai-search/sess_59b4329c71614be3?from=rd-home&start_from=eureka_landingpage,https://eureka.patsnap.com/share/?id=e1e455faffca9d048c9fe385efd85e4c&from=invite-eureakplg-result&content=,,,,
12103,"Retrofit, Renovation, and Adaptive Reuse as Long-Cycle Growth Markets",construction,used,2026-09-09T08:29:26.189340+00:00,2026-09-09T08:29:27.575645+00:00,2026-09-09T08:29:27.575645+00:00,https://eureka.patsnap.com/ai-search/sess_0bc62176a5a74904?from=rd-home&start_from=eureka_landingpage,https://eureka.patsnap.com/share/?id=0f99a53a67db5633b016fc26569e03a1&from=invite-eureakplg-result&content=,,,,
12104,Modular and Offsite Construction After the Productivity Reality Check,construction,used,2026-09-09T08:29:27.576985+00:00,2026-09-09T08:29:29.348105+00:00,2026-09-09T08:29:29.348105+00:00,https://eureka.patsnap.com/ai-search/sess_614f5c9330004f88?from=rd-home&start_from=eureka_landingpage,https://eureka.patsnap.com/share/?id=609465b991087244e1ca5cb91b2b283b&from=invite-eureakplg-result&content=,,,,
12105,Low-Carbon Building Procurement and the Materials Strategy Shift,construction,used,2026-09-09T08:29:29.350846+00:00,2026-09-09T08:29:31.417860+00:00,2026-09-09T08:29:31.417860+00:00,https://eureka.patsnap.com/ai-search/sess_f0606f124482466c?from=rd-home&start_from=eureka_landingpage,https://eureka.patsnap.com/share/?id=4036929ebdfbf745aedc26f55027dc51&from=invite-eureakplg-result&content=,,,,
12106,"Climate Resilience Construction: Flood, Heat, Grid, and Insurance Drivers",construction,used,2026-09-09T08:29:31.419842+00:00,2026-09-09T08:29:33.207026+00:00,2026-09-09T08:29:33.207026+00:00,https://eureka.patsnap.com/ai-search/sess_75f1c2fcd96f4aee?from=rd-home&start_from=eureka_landingpage,https://eureka.patsnap.com/share/?id=19ee3392d9e08141284a1c072f373eff&from=invite-eureakplg-result&content=,,,,
12107,Labor Shortages and the Construction Productivity Gap,construction,used,2026-09-09T08:29:33.209429+00:00,2026-09-09T08:29:34.950738+00:00,2026-09-09T08:29:34.950738+00:00,https://eureka.patsnap.com/ai-search/sess_bcd89c7da7084db5?from=rd-home&start_from=eureka_landingpage,https://eureka.patsnap.com/share/?id=f4db4855f981c6e0f30cab36bcc501f8&from=invite-eureakplg-result&content=,,,,
12108,AI-Ready Architecture and Construction Firms: Operating Model Implications,construction,used,2026-09-09T08:29:34.953301+00:00,2026-09-09T08:29:36.450319+00:00,2026-09-09T08:29:36.450319+00:00,https://eureka.patsnap.com/ai-search/sess_733b89a472874d9f?from=rd-home&start_from=eureka_landingpage,https://eureka.patsnap.com/share/?id=c07ad40e3e66e4f6e4b7bc4340375644&from=invite-eureakplg-result&content=,,,,
12109,Manufacturing Construction After the Mega-Project Wave,construction,used,2026-09-09T08:29:36.452373+00:00,2026-09-09T08:29:37.889405+00:00,2026-09-09T08:29:37.889405+00:00,https://eureka.patsnap.com/ai-search/sess_2eafec41a85c4362?from=rd-home&start_from=eureka_landingpage,https://eureka.patsnap.com/share/?id=b9025162702a8e5d079d44b72870d030&from=invite-eureakplg-result&content=,,,,
12110,AI Investment Discipline: From Experimentation to Measurable Business Outcomes,other,used,2026-09-09T08:31:49.230697+00:00,2026-09-09T08:31:52.750720+00:00,2026-09-09T08:31:52.750720+00:00,https://eureka.patsnap.com/ai-search/sess_ce0b242db1f74f22?from=rd-home&start_from=eureka_landingpage,https://eureka.patsnap.com/share/?id=3d4faf48168f41dfad29819a48881bc7&from=invite-eureakplg-result&content=,,,,
12111,Geopatriation and Regionalization as Cross-Industry Strategy,other,used,2026-09-09T08:31:52.752515+00:00,2026-09-09T08:31:54.083909+00:00,2026-09-09T08:31:54.083909+00:00,https://eureka.patsnap.com/ai-search/sess_20dcf02a8c2f4c4c?from=rd-home&start_from=eureka_landingpage,https://eureka.patsnap.com/share/?id=3f7b956e1ae17c17dd1877a002181cc8&from=invite-eureakplg-result&content=,,,,
12112,Multiagent Systems and the Next Enterprise Operating Model,other,used,2026-09-09T08:31:54.085851+00:00,2026-09-09T08:31:55.911415+00:00,2026-09-09T08:31:55.911415+00:00,https://eureka.patsnap.com/ai-search/sess_e192bdd35d544641?from=rd-home&start_from=eureka_landingpage,https://eureka.patsnap.com/share/?id=d57ed464d12fc5c432c9b7f85e4a8215&from=invite-eureakplg-result&content=,,,,
12113,"AI Security, Digital Provenance, and Trust in Automated Workflows",other,used,2026-09-09T08:31:55.915151+00:00,2026-09-09T08:31:58.214728+00:00,2026-09-09T08:31:58.214728+00:00,https://eureka.patsnap.com/ai-search/sess_c71e790e929c4ac1?from=rd-home&start_from=eureka_landingpage,https://eureka.patsnap.com/share/?id=d1817256b0367f2e5f396dbf24970c1f&from=invite-eureakplg-result&content=,,,,
12114,From Global Efficiency to Resilience Premiums in Supply Chains,other,used,2026-09-09T08:31:58.217933+00:00,2026-09-09T08:31:59.641529+00:00,2026-09-09T08:31:59.641529+00:00,https://eureka.patsnap.com/ai-search/sess_725c4eab863d4ac6?from=rd-home&start_from=eureka_landingpage,https://eureka.patsnap.com/share/?id=7ad4f9f4e75905f9d5476ee1ba187713&from=invite-eureakplg-result&content=,,,,
12115,"Workforce Transformation Under AI, Automation, and Skills Scarcity",other,used,2026-09-09T08:31:59.644456+00:00,2026-09-09T08:32:01.444418+00:00,2026-09-09T08:32:01.444418+00:00,https://eureka.patsnap.com/ai-search/sess_900299d3381f4b72?from=rd-home&start_from=eureka_landingpage,https://eureka.patsnap.com/share/?id=b476e212f85a1713adc81191d0d42477&from=invite-eureakplg-result&content=,,,,
12116,"Sustainability Reporting Becomes Strategy, Not Compliance",other,used,2026-09-09T08:32:01.447914+00:00,2026-09-09T08:32:03.284799+00:00,2026-09-09T08:32:03.284799+00:00,https://eureka.patsnap.com/ai-search/sess_1ab0f33acdd944fb?from=rd-home&start_from=eureka_landingpage,https://eureka.patsnap.com/share/?id=ea49bfa5883bd749b2d44ea79e38819d&from=invite-eureakplg-result&content=,,,,
12117,Customer Trust in an AI-Native Market,other,used,2026-09-09T08:32:03.287596+00:00,2026-09-09T08:32:04.650929+00:00,2026-09-09T08:32:04.650929+00:00,https://eureka.patsnap.com/ai-search/sess_46e95ddb726b4345?from=rd-home&start_from=eureka_landingpage,https://eureka.patsnap.com/share/?id=383ca45fcb7b001da9e7db86e9352dc6&from=invite-eureakplg-result&content=,,,,
12118,Platform Ecosystems and Data Monetization Across Traditional Industries,other,used,2026-09-09T08:32:04.654060+00:00,2026-09-09T08:32:06.104025+00:00,2026-09-09T08:32:06.104025+00:00,https://eureka.patsnap.com/ai-search/sess_0e1d56c12caa43f6?from=rd-home&start_from=eureka_landingpage,https://eureka.patsnap.com/share/?id=b5293010c54541526fed8e303bd95ff5&from=invite-eureakplg-result&content=,,,,
12119,"Capital Allocation in a High-Uncertainty, High-Innovation Decade",other,used,2026-09-09T08:32:06.106275+00:00,2026-09-09T08:32:08.431051+00:00,2026-09-09T08:32:08.431051+00:00,https://eureka.patsnap.com/ai-search/sess_3b565b1ecc2b43f3?from=rd-home&start_from=eureka_landingpage,https://eureka.patsnap.com/share/?id=53a899e3f7ae056a96c5c1c84c9e1dbd&from=invite-eureakplg-result&content=,,,,
